image,H_x,W_x,masks_total_x,candidates_kept_x,blocks_drawn_x,rows_x,median_cols_per_row_x,H_y,W_y,masks_total_y,candidates_kept_y,blocks_drawn_y,rows_y,median_cols_per_row_y,occupancy,regularity_index,H,W,masks_total,candidates_kept,blocks_drawn,rows,median_cols_per_row,wwr,H_ws,W_ws,masks_total_ws,candidates_kept_ws,blocks_drawn_ws,rows_ws,median_cols_per_row_ws,wwr_ws,shading_idx,risk_flag,bad_flag
cmp_b0001.jpg,1024,543,179,106,79,15,5,1024,543,179,106,79,15,5,1.0533333333333332,0.6608486102442054,1024,543,179,106,79,15,5,0.2969611955055999,1024,543,179,106,79,15,5,0.2969611955055999,0.0061271448029078,False,False
cmp_b0002.jpg,1024,398,151,80,67,15,3,1024,398,151,80,67,15,3,1.488888888888889,0.613333484646395,1024,398,151,80,67,15,3,0.2696411118066308,1024,398,151,80,67,15,3,0.2696411118066308,0.0531148860622701,False,False
cmp_b0003.jpg,449,1024,154,87,71,12,5,449,1024,154,87,71,12,5,1.1833333333333331,0.7133334553534776,449,1024,154,87,71,12,5,0.8422928326177461,449,1024,154,87,71,12,5,0.8422928326177461,0.142280557620333,False,False
cmp_b0004.jpg,691,1024,154,101,89,13,5,691,1024,154,101,89,13,5,1.3692307692307693,0.7597204016909743,691,1024,154,101,89,13,5,0.3811784729346247,691,1024,154,101,89,13,5,0.3811784729346247,0.051793671902862,False,False
cmp_b0005.jpg,1024,682,149,99,84,16,3,1024,682,149,99,84,16,3,1.75,0.5181819961431708,1024,682,149,99,84,16,3,0.4478243211706264,1024,682,149,99,84,16,3,0.4478243211706264,0.0633636393972763,False,False
cmp_b0006.jpg,1024,584,134,63,50,17,2,1024,584,134,63,50,17,2,1.4705882352941178,0.2819967073838778,1024,584,134,63,50,17,2,0.2242864945215576,1024,584,134,63,50,17,2,0.2242864945215576,0.0534069981583793,False,False
cmp_b0007.jpg,1024,636,185,108,90,20,3,1024,636,185,108,90,20,3,1.5,0.2787880863176435,1024,636,185,108,90,20,3,0.4427250746182987,1024,636,185,108,90,20,3,0.4427250746182987,0.0204775092222425,False,False
cmp_b0008.jpg,1024,413,154,118,86,19,4,1024,413,154,118,86,19,4,1.131578947368421,0.5856460075104966,1024,413,154,118,86,19,4,0.443481861530399,1024,413,154,118,86,19,4,0.443481861530399,0.0,True,False
cmp_b0009.jpg,1024,399,137,73,60,18,2,1024,399,137,73,60,18,2,1.6666666666666667,0.1939396891642401,1024,399,137,73,60,18,2,0.2121444668421251,1024,399,137,73,60,18,2,0.2121444668421251,0.0,False,False
cmp_b0010.jpg,1024,589,168,72,66,18,3,1024,589,168,72,66,18,3,1.2222222222222223,0.442424411202872,1024,589,168,72,66,18,3,0.3357856311460512,1024,589,168,72,66,18,3,0.3357856311460512,0.0,False,False
cmp_b0011.jpg,1024,383,124,40,32,13,3,1024,383,124,40,32,13,3,0.8205128205128205,0.7804196910997535,1024,383,124,40,32,13,3,0.1026839983490046,1024,383,124,40,32,13,3,0.1026839983490046,0.0069969651374789,False,False
cmp_b0012.jpg,1024,693,164,79,64,17,2,1024,693,164,79,64,17,2,1.8823529411764703,0.2370769457893092,1024,693,164,79,64,17,2,0.3169333534258203,1024,693,164,79,64,17,2,0.3169333534258203,0.0365750954946244,False,False
cmp_b0013.jpg,1024,996,218,149,132,22,6,1024,996,218,149,132,22,6,1.0,2.999998833519424e-07,1024,996,218,149,132,22,6,0.2997142075726512,1024,996,218,149,132,22,6,0.2997142075726512,0.1405812674399344,False,False
cmp_b0014.jpg,1024,753,196,139,115,19,4,1024,753,196,139,115,19,4,1.513157894736842,0.544019235957635,1024,753,196,139,115,19,4,0.4137617868233752,1024,753,196,139,115,19,4,0.4137617868233752,0.0256254791623865,False,False
cmp_b0015.jpg,1024,680,176,121,99,18,4,1024,680,176,121,99,18,4,1.375,0.6257576536271595,1024,680,176,121,99,18,4,0.416819243220294,1024,680,176,121,99,18,4,0.416819243220294,0.0505852940100868,False,False
cmp_b0016.jpg,1024,672,169,78,65,18,3,1024,672,169,78,65,18,3,1.2037037037037035,0.4444446121211463,1024,672,169,78,65,18,3,3.838457853056393,1024,672,169,78,65,18,3,1.0,1.0,False,True
cmp_b0017.jpg,1024,1020,175,108,89,17,4,1024,1020,175,108,89,17,4,1.3088235294117647,0.6996435565818441,1024,1020,175,108,89,17,4,0.3494242439726715,1024,1020,175,108,89,17,4,0.3494242439726715,0.2422800371308863,False,False
cmp_b0018.jpg,710,1024,193,138,107,15,5,710,1024,193,138,107,15,5,1.4266666666666667,0.6201213597317965,710,1024,193,138,107,15,5,0.2986650217419448,710,1024,193,138,107,15,5,0.2986650217419448,0.0720134429977518,False,False
cmp_b0019.jpg,889,1024,178,112,101,15,5,889,1024,178,112,101,15,5,1.346666666666667,0.6288486276987413,889,1024,178,112,101,15,5,0.4025406882608864,889,1024,178,112,101,15,5,0.4025406882608864,0.0189940570587651,False,False
cmp_b0020.jpg,543,1024,172,108,84,10,7,543,1024,172,108,84,10,7,1.2,0.1781821634158159,543,1024,172,108,84,10,7,0.2098817259613584,543,1024,172,108,84,10,7,0.2098817259613584,0.0025254318883127,False,False
cmp_b0021.jpg,500,1024,143,83,70,8,7,500,1024,143,83,70,8,7,1.25,0.0393943098253606,500,1024,143,83,70,8,7,0.1334597763222075,500,1024,143,83,70,8,7,0.1334597763222075,0.0765278764707677,False,False
cmp_b0022.jpg,1024,984,177,110,97,20,2,1024,984,177,110,97,20,2,2.425,0.0,1024,984,177,110,97,20,2,0.4218293370800927,1024,984,177,110,97,20,2,0.4218293370800927,0.0310273732832027,False,False
cmp_b0023.jpg,1024,855,142,93,81,17,4,1024,855,142,93,81,17,4,1.1911764705882353,0.7124777741802922,1024,855,142,93,81,17,4,0.4014654921941989,1024,855,142,93,81,17,4,0.4014654921941989,0.0086968037620327,False,False
cmp_b0024.jpg,1024,739,93,30,24,9,2,1024,739,93,30,24,9,2,1.3333333333333333,0.296969961248734,1024,739,93,30,24,9,2,0.0850796093301937,1024,739,93,30,24,9,2,0.0850796093301937,0.0352714300851199,False,False
cmp_b0025.jpg,1024,760,132,84,72,20,3,1024,760,132,84,72,20,3,1.2,0.3115153411936863,1024,760,132,84,72,20,3,0.2371874738773739,1024,760,132,84,72,20,3,0.2371874738773739,0.0582885451355891,False,False
cmp_b0026.jpg,1024,701,162,113,97,21,4,1024,701,162,113,97,21,4,1.1547619047619049,0.4497836478813917,1024,701,162,113,97,21,4,0.52043696994139,1024,701,162,113,97,21,4,0.52043696994139,0.0563281558316104,False,False
cmp_b0027.jpg,1024,745,225,145,119,20,4,1024,745,225,145,119,20,4,1.4875,0.4801516219375286,1024,745,225,145,119,20,4,0.3905922690265707,1024,745,225,145,119,20,4,0.3905922690265707,0.0155948753031904,False,False
cmp_b0028.jpg,1024,1004,202,121,106,19,5,1024,1004,202,121,106,19,5,1.1157894736842104,0.3873685946091856,1024,1004,202,121,106,19,5,0.2821443809107262,1024,1004,202,121,106,19,5,0.2821443809107262,0.0129859118044181,False,False
cmp_b0029.jpg,1024,848,196,142,130,16,8,1024,848,196,142,130,16,8,1.015625,0.0,1024,848,196,142,130,16,8,0.4213413306641211,1024,848,196,142,130,16,8,0.4213413306641211,0.0885958675649136,False,False
cmp_b0030.jpg,592,1024,147,75,65,13,3,592,1024,147,75,65,13,3,1.6666666666666667,0.7272728669420772,592,1024,147,75,65,13,3,4.903803481576398,592,1024,147,75,65,13,3,1.0,1.0,False,True
cmp_b0031.jpg,993,1024,86,45,43,11,2,993,1024,86,45,43,11,2,1.9545454545454544,0.3625347142831945,993,1024,86,45,43,11,2,0.2647559118377556,993,1024,86,45,43,11,2,0.2647559118377556,0.0052881393848317,False,False
cmp_b0032.jpg,732,1024,131,61,54,12,3,732,1024,131,61,54,12,3,1.5,0.678788019650988,732,1024,131,61,54,12,3,0.127337725776625,732,1024,131,61,54,12,3,0.127337725776625,0.2385786580514151,False,False
cmp_b0033.jpg,828,1024,140,73,59,12,3,828,1024,140,73,59,12,3,1.6388888888888888,0.6636365127639312,828,1024,140,73,59,12,3,0.2362109548953495,828,1024,140,73,59,12,3,0.2362109548953495,0.0674624570652608,False,False
cmp_b0034.jpg,1024,854,196,130,105,18,5,1024,854,196,130,105,18,5,1.1666666666666667,0.4484850139576948,1024,854,196,130,105,18,5,0.2991494314394781,1024,854,196,130,105,18,5,0.2991494314394781,0.0128194275100921,False,False
cmp_b0035.jpg,770,1024,109,59,50,9,4,770,1024,109,59,50,9,4,1.3888888888888888,0.6909091584940112,770,1024,109,59,50,9,4,0.53262972193113,770,1024,109,59,50,9,4,0.53262972193113,0.1498566186673244,False,False
cmp_b0036.jpg,947,1024,178,88,77,15,2,947,1024,178,88,77,15,2,2.566666666666667,0.2957578912027839,947,1024,178,88,77,15,2,0.2928960299474429,947,1024,178,88,77,15,2,0.2928960299474429,0.0252315645237554,False,False
cmp_b0037.jpg,994,1024,183,130,109,17,8,994,1024,183,130,109,17,8,0.8014705882352942,0.0,994,1024,183,130,109,17,8,0.3274140753691657,994,1024,183,130,109,17,8,0.3274140753691657,0.0069758144101378,False,False
cmp_b0038.jpg,1024,721,152,97,82,16,5,1024,721,152,97,82,16,5,1.025,0.5972728620936076,1024,721,152,97,82,16,5,0.2156034811475226,1024,721,152,97,82,16,5,0.2156034811475226,0.0467232958523479,False,False
cmp_b0039.jpg,1024,775,175,117,102,15,5,1024,775,175,117,102,15,5,1.36,0.6273940830375838,1024,775,175,117,102,15,5,0.2566749457707759,1024,775,175,117,102,15,5,0.2566749457707759,0.0063433972971268,False,False
cmp_b0040.jpg,1024,687,198,137,119,21,5,1024,687,198,137,119,21,5,1.1333333333333333,0.2521214089439162,1024,687,198,137,119,21,5,0.4533912576429969,1024,687,198,137,119,21,5,0.4533912576429969,0.0016456121469069,True,False
cmp_b0041.jpg,954,1024,178,128,110,17,6,954,1024,178,128,110,17,6,1.0784313725490196,0.3247774327120383,954,1024,178,128,110,17,6,0.3241238479609662,954,1024,178,128,110,17,6,0.3241238479609662,0.0011879220288984,False,False
cmp_b0042.jpg,1024,933,148,97,84,17,4,1024,933,148,97,84,17,4,1.2352941176470589,0.7076649425808741,1024,933,148,97,84,17,4,0.1841919467718313,1024,933,148,97,84,17,4,0.1841919467718313,0.0156239616298601,False,False
cmp_b0043.jpg,1024,550,103,52,44,15,2,1024,550,103,52,44,15,2,1.4666666666666666,0.4157578257482742,1024,550,103,52,44,15,2,0.1867523175751048,1024,550,103,52,44,15,2,0.1867523175751048,0.0331567203239639,False,False
cmp_b0044.jpg,1024,591,134,65,55,13,3,1024,591,134,65,55,13,3,1.4102564102564104,0.7552448796566437,1024,591,134,65,55,13,3,0.1375717319596945,1024,591,134,65,55,13,3,0.1375717319596945,0.0156835571163732,False,False
cmp_b0045.jpg,1024,704,219,19,17,12,1,1024,704,219,19,17,12,1,1.4166666666666667,0.2878791237831221,1024,704,219,19,17,12,1,0.020461078540885,1024,704,219,19,17,12,1,0.020461078540885,0.0,False,False
cmp_b0046.jpg,1024,778,162,97,80,17,3,1024,778,162,97,80,17,3,1.568627450980392,0.4713014260518876,1024,778,162,97,80,17,3,0.3491822294397401,1024,778,162,97,80,17,3,0.3491822294397401,0.0854210764110334,False,False
cmp_b0047.jpg,1024,849,300,207,178,20,7,1024,849,300,207,178,20,7,1.2714285714285714,0.0,1024,849,300,207,178,20,7,0.2915447983154802,1024,849,300,207,178,20,7,0.2915447983154802,0.0617194591472256,False,False
cmp_b0048.jpg,1024,696,97,51,38,10,2,1024,696,97,51,38,10,2,1.9,0.3018184687050994,1024,696,97,51,38,10,2,0.4991155159913122,1024,696,97,51,38,10,2,0.4991155159913122,0.1194506025014768,False,False
cmp_b0049.jpg,1024,715,96,71,64,19,2,1024,715,96,71,64,19,2,1.6842105263157894,0.1253591590545281,1024,715,96,71,64,19,2,0.3652170212765957,1024,715,96,71,64,19,2,0.3652170212765957,0.0091922547026968,False,False
cmp_b0050.jpg,1024,636,78,45,40,14,2,1024,636,78,45,40,14,2,1.4285714285714286,0.4865803231928529,1024,636,78,45,40,14,2,0.2421826007168837,1024,636,78,45,40,14,2,0.2421826007168837,0.0,False,False
cmp_b0051.jpg,810,1024,224,103,98,19,4,810,1024,224,103,98,19,4,1.2894736842105263,0.5684211365231056,810,1024,224,103,98,19,4,0.1380918992934378,810,1024,224,103,98,19,4,0.1380918992934378,0.0794525763097678,False,False
cmp_b0052.jpg,942,1024,117,58,56,12,3,942,1024,117,58,56,12,3,1.5555555555555556,0.6727274168961652,942,1024,117,58,56,12,3,0.1898954664268503,942,1024,117,58,56,12,3,0.1898954664268503,0.0207434126340145,False,False
cmp_b0053.jpg,1015,1024,110,55,52,13,3,1015,1024,110,55,52,13,3,1.3333333333333333,0.7636364834710136,1015,1024,110,55,52,13,3,0.2370701899397908,1015,1024,110,55,52,13,3,0.2370701899397908,0.0722697586663347,False,False
cmp_b0054.jpg,1024,809,101,46,44,13,2,1024,809,101,46,44,13,2,1.6923076923076923,0.5244757656705705,1024,809,101,46,44,13,2,0.2454226035745488,1024,809,101,46,44,13,2,0.2454226035745488,0.2288021261683189,False,False
cmp_b0055.jpg,955,1024,162,126,112,18,4,955,1024,162,126,112,18,4,1.5555555555555556,0.6060606946739856,955,1024,162,126,112,18,4,0.3937360031181254,955,1024,162,126,112,18,4,0.3937360031181254,0.0,False,False
cmp_b0056.jpg,1024,483,109,56,46,16,2,1024,483,109,56,46,16,2,1.4375,0.3522729866389987,1024,483,109,56,46,16,2,0.207471486765948,1024,483,109,56,46,16,2,0.207471486765948,0.0466274162455061,False,False
cmp_b0057.jpg,1024,497,131,99,72,18,3,1024,497,131,99,72,18,3,1.3333333333333333,0.4303032056932266,1024,497,131,99,72,18,3,0.4253917044227182,1024,497,131,99,72,18,3,0.4253917044227182,0.0302632653463506,False,False
cmp_b0058.jpg,690,1024,159,62,58,11,5,690,1024,159,62,58,11,5,1.0545454545454545,0.6607163789113728,690,1024,159,62,58,11,5,0.1968383005005301,690,1024,159,62,58,11,5,0.1968383005005301,0.0124112466347838,False,False
cmp_b0059.jpg,1024,725,244,155,134,16,7,1024,725,244,155,134,16,7,1.1964285714285714,0.1785717735929117,1024,725,244,155,134,16,7,0.3037157131893402,1024,725,244,155,134,16,7,0.3037157131893402,0.0094861087307592,False,False
cmp_b0060.jpg,1024,533,256,109,96,18,5,1024,533,256,109,96,18,5,1.0666666666666669,0.4593940989163758,1024,533,256,109,96,18,5,0.2329128469802182,1024,533,256,109,96,18,5,0.2329128469802182,0.0212559239361649,False,False
cmp_b0061.jpg,1024,321,193,130,107,20,4,1024,321,193,130,107,20,4,1.3375,0.49651524937555,1024,321,193,130,107,20,4,0.4225384136315257,1024,321,193,130,107,20,4,0.4225384136315257,0.0,True,False
cmp_b0062.jpg,1024,595,152,90,83,19,3,1024,595,152,90,83,19,3,1.456140350877193,0.3502394282585873,1024,595,152,90,83,19,3,0.2549421663234727,1024,595,152,90,83,19,3,0.2549421663234727,0.042584059602741,False,False
cmp_b0063.jpg,1024,296,103,77,60,21,3,1024,296,103,77,60,21,3,0.9523809523809524,0.2614720531942142,1024,296,103,77,60,21,3,0.2233741055377348,1024,296,103,77,60,21,3,0.2233741055377348,0.003572567783094,False,False
cmp_b0064.jpg,1024,241,120,63,49,17,2,1024,241,120,63,49,17,2,1.4411764705882353,0.2852052617834898,1024,241,120,63,49,17,2,0.2116239741784843,1024,241,120,63,49,17,2,0.2116239741784843,0.0431657164099748,False,False
cmp_b0065.jpg,1024,297,157,67,61,19,3,1024,297,157,67,61,19,3,1.0701754385964912,0.3923446684499874,1024,297,157,67,61,19,3,0.2024202008092312,1024,297,157,67,61,19,3,0.2024202008092312,0.0074548719402702,False,False
cmp_b0066.jpg,1024,616,371,273,241,20,10,1024,616,371,273,241,20,10,1.205,0.0,1024,616,371,273,241,20,10,0.2217214446264114,1024,616,371,273,241,20,10,0.2217214446264114,0.0114664243924841,False,False
cmp_b0067.jpg,1024,460,160,89,68,17,3,1024,460,160,89,68,17,3,1.3333333333333333,0.4969698612487839,1024,460,160,89,68,17,3,0.2561418117757139,1024,460,160,89,68,17,3,0.2561418117757139,0.1223228199704494,False,False
cmp_b0068.jpg,1024,399,151,112,90,16,4,1024,399,151,112,90,16,4,1.40625,0.7556818756886866,1024,399,151,112,90,16,4,0.3446823814214133,1024,399,151,112,90,16,4,0.3446823814214133,0.0249684734706608,False,False
cmp_b0069.jpg,1024,840,179,116,97,23,2,1024,840,179,116,97,23,2,2.108695652173913,0.0,1024,840,179,116,97,23,2,0.2620724390974759,1024,840,179,116,97,23,2,0.2620724390974759,0.0941108596620882,False,False
cmp_b0070.jpg,1024,449,188,77,61,15,5,1024,449,188,77,61,15,5,0.8133333333333334,0.6463031636326307,1024,449,188,77,61,15,5,0.2498629399147822,1024,449,188,77,61,15,5,0.2498629399147822,0.0179888830299306,False,False
cmp_b0071.jpg,1024,835,141,67,57,17,3,1024,835,141,67,57,17,3,1.1176470588235294,0.5204992601792722,1024,835,141,67,57,17,3,0.2410854918788228,1024,835,141,67,57,17,3,0.2410854918788228,0.0072458429517089,False,False
cmp_b0072.jpg,1024,586,219,122,107,19,5,1024,586,219,122,107,19,5,1.1263157894736842,0.3862202698766929,1024,586,219,122,107,19,5,0.5602952080765596,1024,586,219,122,107,19,5,0.5602952080765596,0.0,True,False
cmp_b0073.jpg,917,1024,135,63,56,11,4,917,1024,135,63,56,11,4,1.2727272727272727,0.8369146390015736,917,1024,135,63,56,11,4,0.2504969452402336,917,1024,135,63,56,11,4,0.2504969452402336,0.0369325047279725,False,False
cmp_b0074.jpg,839,1024,167,95,84,13,5,839,1024,167,95,84,13,5,1.2923076923076924,0.7681120055053443,839,1024,167,95,84,13,5,0.345046592312096,839,1024,167,95,84,13,5,0.345046592312096,0.0532999690662424,False,False
cmp_b0075.jpg,1024,445,153,71,55,17,2,1024,445,153,71,55,17,2,1.6176470588235294,0.2659539353858176,1024,445,153,71,55,17,2,0.1434993942053596,1024,445,153,71,55,17,2,0.1434993942053596,0.0,False,False
cmp_b0076.jpg,1024,666,150,81,68,19,2,1024,666,150,81,68,19,2,1.7894736842105263,0.1138759117296008,1024,666,150,81,68,19,2,0.2489643830661796,1024,666,150,81,68,19,2,0.2489643830661796,0.0092517166234163,False,False
cmp_b0077.jpg,1024,786,204,129,106,13,6,1024,786,204,129,106,13,6,1.358974358974359,0.560839382199507,1024,786,204,129,106,13,6,5.70352731840067,1024,786,204,129,106,13,6,1.0,1.0,False,True
cmp_b0078.jpg,1024,805,248,98,84,14,5,1024,805,248,98,84,14,5,1.2,0.7115152745270308,1024,805,248,98,84,14,5,0.2282687413655202,1024,805,248,98,84,14,5,0.2282687413655202,0.0759711426088956,False,False
cmp_b0079.jpg,1024,601,210,108,92,17,4,1024,601,210,108,92,17,4,1.3529411764705883,0.6948307249824259,1024,601,210,108,92,17,4,0.3340036824166534,1024,601,210,108,92,17,4,0.3340036824166534,0.0,False,False
cmp_b0080.jpg,1024,503,145,56,51,16,2,1024,503,145,56,51,16,2,1.59375,0.3352275413910598,1024,503,145,56,51,16,2,0.1159057705980825,1024,503,145,56,51,16,2,0.1159057705980825,0.0,False,False
cmp_b0081.jpg,514,1024,279,166,136,11,12,514,1024,279,166,136,11,12,1.0303030303030305,0.0,514,1024,279,166,136,11,12,0.3245629138036282,514,1024,279,166,136,11,12,0.3245629138036282,0.0221506778761512,False,False
cmp_b0082.jpg,758,1024,273,166,136,14,7,758,1024,273,166,136,14,7,1.3877551020408163,0.29103311093104,758,1024,273,166,136,14,7,0.3034431912932812,758,1024,273,166,136,14,7,0.3034431912932812,0.1069558529240419,False,False
cmp_b0083.jpg,827,1024,277,117,102,13,8,827,1024,277,117,102,13,8,0.9807692307692308,0.1979024990462075,827,1024,277,117,102,13,8,0.1534386226216338,827,1024,277,117,102,13,8,0.1534386226216338,0.0652087168067551,False,False
cmp_b0084.jpg,995,1024,138,86,72,17,4,995,1024,138,86,72,17,4,1.0588235294117647,0.7269162689785464,995,1024,138,86,72,17,4,0.2608884281617152,995,1024,138,86,72,17,4,0.2608884281617152,0.0620063155599433,False,False
cmp_b0085.jpg,828,1024,158,115,91,16,5,828,1024,158,115,91,16,5,1.1375,0.5850001415150916,828,1024,158,115,91,16,5,0.306794790089497,828,1024,158,115,91,16,5,0.306794790089497,0.0173129876240316,False,False
cmp_b0086.jpg,703,1024,120,85,64,12,5,703,1024,120,85,64,12,5,1.0666666666666669,0.7260607211386054,703,1024,120,85,64,12,5,0.3417355527220473,703,1024,120,85,64,12,5,0.3417355527220473,0.0925445329471397,False,False
cmp_b0087.jpg,530,1024,172,122,82,10,7,530,1024,172,122,82,10,7,1.1714285714285717,0.1812990448325819,530,1024,172,122,82,10,7,0.6916497156378429,530,1024,172,122,82,10,7,0.6916497156378429,0.0272734076479466,False,False
cmp_b0088.jpg,441,1024,143,85,73,11,6,441,1024,143,85,73,11,6,1.106060606060606,0.4550966472659418,441,1024,143,85,73,11,6,0.3725443040559396,441,1024,143,85,73,11,6,0.3725443040559396,0.0222572591106638,False,False
cmp_b0089.jpg,365,1024,166,100,87,7,11,365,1024,166,100,87,7,11,1.12987012987013,0.0,365,1024,166,100,87,7,11,0.2240894677950136,365,1024,166,100,87,7,11,0.2240894677950136,0.1129196032132278,False,False
cmp_b0090.jpg,1024,813,110,47,44,15,2,1024,813,110,47,44,15,2,1.4666666666666666,0.4157578257482742,1024,813,110,47,44,15,2,0.1801400443839811,1024,813,110,47,44,15,2,0.1801400443839811,0.0447115204196369,False,False
cmp_b0091.jpg,1024,929,143,78,66,17,3,1024,929,143,78,66,17,3,1.2941176470588236,0.5012479337816,1024,929,143,78,66,17,3,0.2381616975669144,1024,929,143,78,66,17,3,0.2381616975669144,0.1044994103359132,False,False
cmp_b0092.jpg,1024,844,110,35,34,13,2,1024,844,110,35,34,13,2,1.3076923076923077,0.5664337847424203,1024,844,110,35,34,13,2,0.0829947390832543,1024,844,110,35,34,13,2,0.0829947390832543,0.0760378862861541,False,False
cmp_b0093.jpg,723,1024,121,42,36,12,2,723,1024,121,42,36,12,2,1.5,0.478788119650938,723,1024,121,42,36,12,2,0.1645676871495663,723,1024,121,42,36,12,2,0.1645676871495663,0.0372634053803471,False,False
cmp_b0094.jpg,1024,721,122,58,50,14,2,1024,721,122,58,50,14,2,1.7857142857142858,0.4476193054832782,1024,721,122,58,50,14,2,0.2737730313035373,1024,721,122,58,50,14,2,0.2737730313035373,0.1195271676547456,False,False
cmp_b0095.jpg,1024,781,139,75,67,17,4,1024,781,139,75,67,17,4,0.9852941176470588,0.7317291005779645,1024,781,139,75,67,17,4,0.5474186703869773,1024,781,139,75,67,17,4,0.5474186703869773,0.136802403165372,False,False
cmp_b0096.jpg,627,1024,182,88,78,12,5,627,1024,182,88,78,12,5,1.3,0.7006061895683499,627,1024,182,88,78,12,5,0.354062899818501,627,1024,182,88,78,12,5,0.354062899818501,0.0733559661521128,False,False
cmp_b0097.jpg,883,1024,242,150,121,18,7,883,1024,242,150,121,18,7,0.9603174603174603,0.0623380202543324,883,1024,242,150,121,18,7,0.4053360861427936,883,1024,242,150,121,18,7,0.4053360861427936,0.0975828005802084,False,False
cmp_b0098.jpg,1024,802,130,64,55,16,3,1024,802,130,64,55,16,3,1.1458333333333333,0.5840910511018682,1024,802,130,64,55,16,3,0.3164989200801483,1024,802,130,64,55,16,3,0.3164989200801483,0.0990133540174927,False,False
cmp_b0099.jpg,737,1024,153,96,76,16,4,737,1024,153,96,76,16,4,1.1875,0.7795454990358011,737,1024,153,96,76,16,4,0.4051284108344448,737,1024,153,96,76,16,4,0.4051284108344448,0.2732106938818116,False,False
cmp_b0100.jpg,1024,726,190,118,105,20,4,1024,726,190,118,105,20,4,1.3125,0.4992425206152202,1024,726,190,118,105,20,4,0.7164044312815541,1024,726,190,118,105,20,4,0.7164044312815541,0.120000075990296,False,False
cmp_b0101.jpg,1024,845,131,73,62,18,3,1024,845,131,73,62,18,3,1.148148148148148,0.450505214875969,1024,845,131,73,62,18,3,0.4034462798877955,1024,845,131,73,62,18,3,0.4034462798877955,0.1604257663809709,False,False
cmp_b0102.jpg,768,1024,140,60,55,10,5,768,1024,140,60,55,10,5,1.1,0.5890910483745969,768,1024,140,60,55,10,5,0.1636951360314648,768,1024,140,60,55,10,5,0.1636951360314648,0.0290349279353225,False,False
cmp_b0103.jpg,1024,807,80,35,34,17,2,1024,807,80,35,34,17,2,1.0,0.3333335777776704,1024,807,80,35,34,17,2,0.3363227396279634,1024,807,80,35,34,17,2,0.3363227396279634,0.0843680775725213,False,False
cmp_b0104.jpg,666,1024,178,113,86,12,6,666,1024,178,113,86,12,6,1.1944444444444444,0.5121214348024631,666,1024,178,113,86,12,6,0.275004310994017,666,1024,178,113,86,12,6,0.275004310994017,0.0633800509050391,False,False
cmp_b0105.jpg,507,1024,154,107,89,12,7,507,1024,154,107,89,12,7,1.0595238095238095,0.3268401414926968,507,1024,154,107,89,12,7,0.2448596008402733,507,1024,154,107,89,12,7,0.2448596008402733,0.0792305574508325,False,False
cmp_b0106.jpg,574,1024,220,129,107,14,6,574,1024,220,129,107,14,6,1.2738095238095235,0.5034634308670021,574,1024,220,129,107,14,6,0.5311917031454905,574,1024,220,129,107,14,6,0.5311917031454905,0.3167956219898869,False,False
cmp_b0107.jpg,751,1024,205,119,105,15,7,751,1024,205,119,105,15,7,1.0,0.2666669888887352,751,1024,205,119,105,15,7,0.3007595167756197,751,1024,205,119,105,15,7,0.3007595167756197,0.136589913839198,False,False
cmp_b0108.jpg,766,1024,202,157,117,14,7,766,1024,202,157,117,14,7,1.1938775510204085,0.3121833776876663,766,1024,202,157,117,14,7,0.8145903378833399,766,1024,202,157,117,14,7,0.8145903378833399,0.0326316731908459,False,False
cmp_b0109.jpg,825,1024,196,91,84,13,6,825,1024,196,91,84,13,6,1.0769230769230769,0.5916085961855302,825,1024,196,91,84,13,6,0.3038979318085986,825,1024,196,91,84,13,6,0.3038979318085986,0.1307308222743031,False,False
cmp_b0110.jpg,812,1024,157,93,86,13,6,812,1024,157,93,86,13,6,1.1025641025641026,0.5888113949140734,812,1024,157,93,86,13,6,0.4467813506777703,812,1024,157,93,86,13,6,0.4467813506777703,0.2120301209317246,False,False
cmp_b0111.jpg,1024,689,116,57,46,14,2,1024,689,116,57,46,14,2,1.6428571428571428,0.4632037125671081,1024,689,116,57,46,14,2,0.2199503365238033,1024,689,116,57,46,14,2,0.2199503365238033,0.0749181299757213,False,False
cmp_b0112.jpg,1024,754,191,97,85,19,5,1024,754,191,97,85,19,5,0.8947368421052632,0.3885169193416783,1024,754,191,97,85,19,5,0.2635888991107934,1024,754,191,97,85,19,5,0.2635888991107934,0.0345813255479671,False,False
cmp_b0113.jpg,1024,951,203,121,102,18,3,1024,951,203,121,102,18,3,1.8888888888888888,0.3696971781449992,1024,951,203,121,102,18,3,0.2877200963874696,1024,951,203,121,102,18,3,0.2877200963874696,0.1934298121927692,False,False
cmp_b0114.jpg,1024,987,172,81,71,19,3,1024,987,172,81,71,19,3,1.2456140350877194,0.3732059229084419,1024,987,172,81,71,19,3,0.329152928541676,1024,987,172,81,71,19,3,0.329152928541676,0.0173375716853977,False,False
cmp_b0115.jpg,1024,687,120,83,76,17,4,1024,687,120,83,76,17,4,1.1176470588235294,0.7204991601793223,1024,687,120,83,76,17,4,0.1962524825743212,1024,687,120,83,76,17,4,0.1962524825743212,0.0499990450576524,False,False
cmp_b0116.jpg,1024,804,125,59,53,16,2,1024,804,125,59,53,16,2,1.65625,0.3284093632918842,1024,804,125,59,53,16,2,0.4141151557089443,1024,804,125,59,53,16,2,0.4141151557089443,0.0923899654672154,False,False
cmp_b0117.jpg,643,1024,124,70,68,15,5,643,1024,124,70,68,15,5,0.9066666666666666,0.656484976260733,643,1024,124,70,68,15,5,0.2641159303281136,643,1024,124,70,68,15,5,0.2641159303281136,0.0082753645591796,False,False
cmp_b0118.jpg,704,1024,188,96,82,13,6,704,1024,188,96,82,13,6,1.051282051282051,0.5944057974569867,704,1024,188,96,82,13,6,0.3616512043981564,704,1024,188,96,82,13,6,0.3616512043981564,0.2589533750264454,False,False
cmp_b0119.jpg,846,1024,218,113,96,17,7,846,1024,218,113,96,17,7,0.8067226890756303,0.112248891723027,846,1024,218,113,96,17,7,0.2658628985801904,846,1024,218,113,96,17,7,0.2658628985801904,0.0425205070842654,False,False
cmp_b0120.jpg,767,1024,107,52,45,12,3,767,1024,107,52,45,12,3,1.25,0.7060607320476904,767,1024,107,52,45,12,3,0.3379864902851009,767,1024,107,52,45,12,3,0.3379864902851009,0.3561322804798857,False,False
cmp_b0121.jpg,758,1024,225,129,102,15,6,758,1024,225,129,102,15,6,1.1333333333333333,0.4521214422772106,758,1024,225,129,102,15,6,0.4169278996865204,758,1024,225,129,102,15,6,0.4169278996865204,0.425690076280459,False,False
cmp_b0122.jpg,717,1024,135,77,66,14,5,717,1024,135,77,66,14,5,0.9428571428571428,0.7270996816108607,717,1024,135,77,66,14,5,0.4023225786735325,717,1024,135,77,66,14,5,0.4023225786735325,0.0534888378898635,False,False
cmp_b0123.jpg,780,1024,161,93,75,12,5,780,1024,161,93,75,12,5,1.25,0.7060607320476904,780,1024,161,93,75,12,5,0.3290468562876296,780,1024,161,93,75,12,5,0.3290468562876296,0.0124233279758585,False,False
cmp_b0124.jpg,805,1024,183,76,67,14,3,805,1024,183,76,67,14,3,1.5952380952380951,0.6683984149284348,805,1024,183,76,67,14,3,0.1625832039089207,805,1024,183,76,67,14,3,0.1625832039089207,0.2893968755736218,False,False
cmp_b0125.jpg,722,1024,219,138,109,15,6,722,1024,219,138,109,15,6,1.211111111111111,0.4436365984204587,722,1024,219,138,109,15,6,0.2703874690550977,722,1024,219,138,109,15,6,0.2703874690550977,0.0160812258428755,False,False
cmp_b0126.jpg,752,1024,124,67,66,11,4,752,1024,124,67,66,11,4,1.5,0.8121212640954806,752,1024,124,67,66,11,4,0.1087860445043228,752,1024,124,67,66,11,4,0.1087860445043228,0.1539216748799877,False,False
cmp_b0127.jpg,795,1024,99,32,27,9,2,795,1024,99,32,27,9,2,1.5,0.2787881529842657,795,1024,99,32,27,9,2,0.1242453322049522,795,1024,99,32,27,9,2,0.1242453322049522,0.2458224039791668,False,False
cmp_b0128.jpg,771,1024,77,52,46,12,3,771,1024,77,52,46,12,3,1.2777777777777777,0.703030430670279,771,1024,77,52,46,12,3,0.354938172914849,771,1024,77,52,46,12,3,0.354938172914849,0.0687526571388081,False,False
cmp_b0129.jpg,765,1024,131,81,73,13,6,765,1024,131,81,73,13,6,0.935897435897436,0.5930071968212585,765,1024,131,81,73,13,6,0.2692134664434256,765,1024,131,81,73,13,6,0.2692134664434256,0.2363458452385612,False,False
cmp_b0130.jpg,761,1024,117,48,43,10,4,761,1024,117,48,43,10,4,1.075,0.7918182196143172,761,1024,117,48,43,10,4,0.2528746832976028,761,1024,117,48,43,10,4,0.2528746832976028,0.3871031149919776,False,False
cmp_b0131.jpg,1024,851,152,91,74,15,4,1024,851,152,91,74,15,4,1.2333333333333334,0.8412121573186297,1024,851,152,91,74,15,4,0.291965782883079,1024,851,152,91,74,15,4,0.291965782883079,0.0382492614134699,False,False
cmp_b0132.jpg,1024,876,186,111,95,19,4,1024,876,186,111,95,19,4,1.25,0.5727273542699534,1024,876,186,111,95,19,4,0.2773819825420696,1024,876,186,111,95,19,4,0.2773819825420696,0.0170147237682085,False,False
cmp_b0133.jpg,1024,890,109,56,49,13,4,1024,890,109,56,49,13,4,0.9423076923076924,0.9937062971392224,1024,890,109,56,49,13,4,0.2065572809190189,1024,890,109,56,49,13,4,0.2065572809190189,0.1031442565082277,False,False
cmp_b0134.jpg,568,1024,132,64,57,12,3,568,1024,132,64,57,12,3,1.5833333333333333,0.6696971155187539,568,1024,132,64,57,12,3,0.3249507300842522,568,1024,132,64,57,12,3,0.3249507300842522,0.2713302599051246,False,False
cmp_b0135.jpg,718,1024,205,123,96,16,5,718,1024,205,123,96,16,5,1.2,0.578181963415916,718,1024,205,123,96,16,5,0.3522619736413735,718,1024,205,123,96,16,5,0.3522619736413735,0.0260445604832649,False,False
cmp_b0136.jpg,731,1024,167,105,89,15,4,731,1024,167,105,89,15,4,1.4833333333333334,0.8139394449219274,731,1024,167,105,89,15,4,0.4711527405748159,731,1024,167,105,89,15,4,0.4711527405748159,0.1972788680773082,False,False
cmp_b0137.jpg,737,1024,144,58,50,13,3,737,1024,144,58,50,13,3,1.2820512820512822,0.769230886013927,737,1024,144,58,50,13,3,0.2567677450595232,737,1024,144,58,50,13,3,0.2567677450595232,0.1101983799466383,False,False
cmp_b0138.jpg,776,1024,130,52,48,14,2,776,1024,130,52,48,14,2,1.7142857142857142,0.4554115090251932,776,1024,130,52,48,14,2,0.2798854077776423,776,1024,130,52,48,14,2,0.2798854077776423,0.4009155832265152,False,False
cmp_b0139.jpg,732,1024,139,69,60,15,3,732,1024,139,69,60,15,3,1.3333333333333333,0.6303031723598987,732,1024,139,69,60,15,3,0.3630551387523499,732,1024,139,69,60,15,3,0.3630551387523499,0.2488263316405784,False,False
cmp_b0140.jpg,624,1024,125,75,63,15,3,624,1024,125,75,63,15,3,1.4,0.6230304490541114,624,1024,125,75,63,15,3,0.5853131404783454,624,1024,125,75,63,15,3,0.5853131404783454,0.1098854689108703,False,False
cmp_b0141.jpg,589,1024,171,83,75,11,4,589,1024,171,83,75,11,4,1.7045454545454546,0.7898072266799969,589,1024,171,83,75,11,4,0.2505498037623494,589,1024,171,83,75,11,4,0.2505498037623494,0.076970700545111,False,False
cmp_b0142.jpg,800,1024,100,44,34,9,3,800,1024,100,44,34,9,3,1.2592592592592593,0.5050506649218809,800,1024,100,44,34,9,3,0.4507212948121506,800,1024,100,44,34,9,3,0.4507212948121506,0.1152948949401458,False,False
cmp_b0143.jpg,977,1024,110,51,47,15,3,977,1024,110,51,47,15,3,1.0444444444444445,0.661818306684977,977,1024,110,51,47,15,3,0.2136961525096721,977,1024,110,51,47,15,3,0.2136961525096721,0.0943720232459909,False,False
cmp_b0144.jpg,677,1024,135,78,67,14,4,677,1024,135,78,67,14,4,1.1964285714285714,0.9119047847041766,677,1024,135,78,67,14,4,0.3425778816199377,677,1024,135,78,67,14,4,0.3425778816199377,0.1901125276643496,False,False
cmp_b0145.jpg,764,1024,166,95,91,14,5,764,1024,166,95,91,14,5,1.3,0.7006061895683499,764,1024,166,95,91,14,5,0.4265684936711788,764,1024,166,95,91,14,5,0.4265684936711788,0.2089827347929299,False,False
cmp_b0146.jpg,1024,989,120,39,35,19,2,1024,989,120,39,35,19,2,0.9210526315789472,0.1913878311728601,1024,989,120,39,35,19,2,0.3049456928946059,1024,989,120,39,35,19,2,0.3049456928946059,0.0679211760854086,False,False
cmp_b0147.jpg,669,1024,88,47,40,10,4,669,1024,88,47,40,10,4,1.0,0.8000000333333279,669,1024,88,47,40,10,4,0.2693734666333963,669,1024,88,47,40,10,4,0.2693734666333963,0.020694895149873,False,False
cmp_b0148.jpg,1024,768,125,65,54,17,3,1024,768,125,65,54,17,3,1.0588235294117647,0.5269163689784964,1024,768,125,65,54,17,3,0.3145379495585882,1024,768,125,65,54,17,3,0.3145379495585882,0.0022232171466445,False,False
cmp_b0149.jpg,1024,768,123,51,43,17,2,1024,768,123,51,43,17,2,1.2647058823529411,0.304456588181162,1024,768,123,51,43,17,2,0.1800490672185815,1024,768,123,51,43,17,2,0.1800490672185815,0.0276244306645448,False,False
cmp_b0150.jpg,1024,768,111,71,61,18,2,1024,768,111,71,61,18,2,1.6944444444444444,0.1909093877868287,1024,768,111,71,61,18,2,0.2897995587880459,1024,768,111,71,61,18,2,0.2897995587880459,0.0055185258637786,False,False
cmp_b0151.jpg,1024,768,138,80,68,17,3,1024,768,138,80,68,17,3,1.3333333333333333,0.4969698612487839,1024,768,138,80,68,17,3,0.2591671266482674,1024,768,138,80,68,17,3,0.2591671266482674,0.0093028735815572,False,False
cmp_b0152.jpg,1024,768,103,51,41,11,3,1024,768,103,51,41,11,3,1.2424242424242424,0.640220522322336,1024,768,103,51,41,11,3,0.1510482022453111,1024,768,103,51,41,11,3,0.1510482022453111,0.0293129336377286,False,False
cmp_b0153.jpg,1024,768,184,91,75,17,4,1024,768,184,91,75,17,4,1.1029411764705883,0.7221034373791283,1024,768,184,91,75,17,4,0.2415801964501449,1024,768,184,91,75,17,4,0.2415801964501449,0.0404839827046654,False,False
cmp_b0154.jpg,1024,768,153,87,64,15,4,1024,768,153,87,64,15,4,1.0666666666666669,0.859393965583098,1024,768,153,87,64,15,4,0.2472909472295756,1024,768,153,87,64,15,4,0.2472909472295756,0.0173826567555429,False,False
cmp_b0155.jpg,1024,768,149,102,81,18,4,1024,768,149,102,81,18,4,1.125,0.6530303660238619,1024,768,149,102,81,18,4,0.533451919782855,1024,768,149,102,81,18,4,0.533451919782855,0.115535335889526,False,False
cmp_b0156.jpg,1024,768,147,97,80,21,3,1024,768,147,97,80,21,3,1.2698412698412698,0.2372296421749231,1024,768,147,97,80,21,3,0.3007378923705669,1024,768,147,97,80,21,3,0.3007378923705669,0.0971260468815795,False,False
cmp_b0157.jpg,1024,768,184,107,94,19,5,1024,768,184,107,94,19,5,0.9894736842105264,0.3988518419341129,1024,768,184,107,94,19,5,0.2951610207930483,1024,768,184,107,94,19,5,0.2951610207930483,0.1444222611922027,False,False
cmp_b0158.jpg,1024,768,188,113,91,19,5,1024,768,188,113,91,19,5,0.9578947368421052,0.3954068677366347,1024,768,188,113,91,19,5,0.4202044468144174,1024,768,188,113,91,19,5,0.4202044468144174,0.0406102129744579,False,False
cmp_b0159.jpg,1024,768,155,72,66,17,3,1024,768,155,72,66,17,3,1.2941176470588236,0.5012479337816,1024,768,155,72,66,17,3,0.1505784497317417,1024,768,155,72,66,17,3,0.1505784497317417,0.359035645682605,False,False
cmp_b0160.jpg,1024,768,115,71,55,13,3,1024,768,115,71,55,13,3,1.4102564102564104,0.7552448796566437,1024,768,115,71,55,13,3,0.2287467590391136,1024,768,115,71,55,13,3,0.2287467590391136,0.0,False,False
cmp_b0161.jpg,1024,768,135,72,57,13,4,1024,768,135,72,57,13,4,1.0961538461538465,0.9895104952320376,1024,768,135,72,57,13,4,0.2194623778537666,1024,768,135,72,57,13,4,0.2194623778537666,0.0343221762387819,False,False
cmp_b0162.jpg,870,1024,234,111,106,19,5,870,1024,234,111,106,19,5,1.1157894736842104,0.3873685946091856,870,1024,234,111,106,19,5,0.3427619546125456,870,1024,234,111,106,19,5,0.3427619546125456,0.0716914054233803,False,False
cmp_b0163.jpg,1024,749,170,109,93,18,5,1024,749,170,109,93,18,5,1.0333333333333334,0.4630304605692694,1024,749,170,109,93,18,5,0.5934453347118118,1024,749,170,109,93,18,5,0.5934453347118118,0.0877939390716267,False,False
cmp_b0164.jpg,853,1024,129,49,46,11,4,853,1024,129,49,46,11,4,1.0454545454545454,0.8617080139076667,853,1024,129,49,46,11,4,0.1370616833277415,853,1024,129,49,46,11,4,0.1370616833277415,0.0448840710785393,False,False
cmp_b0165.jpg,1001,1024,149,100,79,16,4,1001,1024,149,100,79,16,4,1.234375,0.7744318654614194,1001,1024,149,100,79,16,4,0.3473698306013413,1001,1024,149,100,79,16,4,0.3473698306013413,0.0664923573488734,False,False
cmp_b0166.jpg,757,1024,114,66,64,13,5,757,1024,114,66,64,13,5,0.9846153846153848,0.7983217792370761,757,1024,114,66,64,13,5,0.1962972132149392,757,1024,114,66,64,13,5,0.1962972132149392,0.2566104530630554,False,False
cmp_b0167.jpg,1024,837,141,83,74,19,3,1024,837,141,83,74,19,3,1.2982456140350878,0.3674642992459782,1024,837,141,83,74,19,3,0.3840309389959174,1024,837,141,83,74,19,3,0.3840309389959174,0.0,False,False
cmp_b0168.jpg,974,1024,211,118,104,19,4,974,1024,211,118,104,19,4,1.368421052631579,0.55980870102941,974,1024,211,118,104,19,4,0.2270436415494348,974,1024,211,118,104,19,4,0.2270436415494348,0.0572466742948981,False,False
cmp_b0169.jpg,803,1024,173,96,88,15,4,803,1024,173,96,88,15,4,1.4666666666666666,0.8157576257483743,803,1024,173,96,88,15,4,0.2456429862366189,803,1024,173,96,88,15,4,0.2456429862366189,0.0,False,False
cmp_b0170.jpg,1024,858,139,87,73,15,4,1024,858,139,87,73,15,4,1.2166666666666666,0.8430303381450766,1024,858,139,87,73,15,4,0.3735853410390073,1024,858,139,87,73,15,4,0.3735853410390073,0.047228871570586,False,False
cmp_b0171.jpg,1024,933,174,80,75,18,3,1024,933,174,80,75,18,3,1.3888888888888888,0.4242426029384039,1024,933,174,80,75,18,3,0.2410253721826465,1024,933,174,80,75,18,3,0.2410253721826465,0.130233414813839,False,False
cmp_b0172.jpg,812,1024,176,92,76,15,4,812,1024,176,92,76,15,4,1.2666666666666666,0.8375757956657361,812,1024,176,92,76,15,4,0.2429333166049808,812,1024,176,92,76,15,4,0.2429333166049808,0.1039309626450305,False,False
cmp_b0173.jpg,1024,777,151,72,56,15,3,1024,777,151,72,56,15,3,1.2444444444444445,0.6400001367676151,1024,777,151,72,56,15,3,0.2160486014428553,1024,777,151,72,56,15,3,0.2160486014428553,0.0191675043997136,False,False
cmp_b0174.jpg,780,1024,150,78,72,16,3,780,1024,150,78,72,16,3,1.5,0.5454547085398732,780,1024,150,78,72,16,3,0.256408315809011,780,1024,150,78,72,16,3,0.256408315809011,0.1891971302905761,False,False
cmp_b0175.jpg,795,1024,123,76,65,15,3,795,1024,123,76,65,15,3,1.4444444444444444,0.6181819668502533,795,1024,123,76,65,15,3,0.3650786088613625,795,1024,123,76,65,15,3,0.3650786088613625,0.3170932469197844,False,False
cmp_b0176.jpg,836,1024,115,58,52,11,4,836,1024,115,58,52,11,4,1.181818181818182,0.8468319889640108,836,1024,115,58,52,11,4,0.2079054372063237,836,1024,115,58,52,11,4,0.2079054372063237,0.0082408034332819,False,False
cmp_b0177.jpg,830,1024,112,55,53,10,5,830,1024,112,55,53,10,5,1.06,0.5934546823580693,830,1024,112,55,53,10,5,0.1647657273654662,830,1024,112,55,53,10,5,0.1647657273654662,0.0120691720179471,False,False
cmp_b0178.jpg,780,1024,124,71,60,13,3,780,1024,124,71,60,13,3,1.5384615384615383,0.7412588732993605,780,1024,124,71,60,13,3,0.2077710292877734,780,1024,124,71,60,13,3,0.2077710292877734,0.3358790003941026,False,False
cmp_b0179.jpg,814,1024,126,65,52,13,3,814,1024,126,65,52,13,3,1.3333333333333333,0.7636364834710136,814,1024,126,65,52,13,3,0.2775349356107601,814,1024,126,65,52,13,3,0.2775349356107601,0.3079319186603101,False,False
cmp_b0180.jpg,800,1024,124,74,57,13,5,800,1024,124,74,57,13,5,0.8769230769230769,0.7865735338969582,800,1024,124,74,57,13,5,0.3923619334998107,800,1024,124,74,57,13,5,0.3923619334998107,0.2534856588170507,False,False
cmp_b0181.jpg,1024,804,125,66,52,15,2,1024,804,125,66,52,15,2,1.7333333333333334,0.386666932525125,1024,804,125,66,52,15,2,0.189950725914598,1024,804,125,66,52,15,2,0.189950725914598,0.1366741977810386,False,False
cmp_b0182.jpg,1024,671,184,108,101,17,5,1024,671,184,108,101,17,5,1.188235294117647,0.5127987296202033,1024,671,184,108,101,17,5,0.3735789344551229,1024,671,184,108,101,17,5,0.3735789344551229,0.038951090434352,False,False
cmp_b0183.jpg,1024,720,137,63,53,17,3,1024,720,137,63,53,17,3,1.03921568627451,0.5290554052449044,1024,720,137,63,53,17,3,0.2352954888488726,1024,720,137,63,53,17,3,0.2352954888488726,0.0187105970787307,False,False
cmp_b0184.jpg,1024,571,132,61,52,16,3,1024,571,132,61,52,16,3,1.0833333333333333,0.5909092292010437,1024,571,132,61,52,16,3,0.5747085758067753,1024,571,132,61,52,16,3,0.5747085758067753,0.0,True,False
cmp_b0185.jpg,1024,748,170,82,70,16,2,1024,748,170,82,70,16,2,2.1875,0.2704548494488917,1024,748,170,82,70,16,2,0.186333366565093,1024,748,170,82,70,16,2,0.186333366565093,0.0184596304893948,False,False
cmp_b0186.jpg,1024,652,225,128,112,18,6,1024,652,225,128,112,18,6,1.037037037037037,0.2626265203855645,1024,652,225,128,112,18,6,0.2773279318534743,1024,652,225,128,112,18,6,0.2773279318534743,0.0355840785598254,False,False
cmp_b0187.jpg,993,1024,139,86,69,15,4,993,1024,139,86,69,15,4,1.15,0.8503030614508639,993,1024,139,86,69,15,4,0.2000330261749286,993,1024,139,86,69,15,4,0.2000330261749286,0.2303309162347208,False,False
cmp_b0188.jpg,1024,873,172,99,79,18,3,1024,873,172,99,79,18,3,1.462962962962963,0.4161617992653068,1024,873,172,99,79,18,3,0.2747938299036493,1024,873,172,99,79,18,3,0.2747938299036493,0.0583765304795347,False,False
cmp_b0189.jpg,1024,561,119,61,51,14,3,1024,561,119,61,51,14,3,1.2142857142857142,0.7099568338186478,1024,561,119,61,51,14,3,0.3285681568001655,1024,561,119,61,51,14,3,0.3285681568001655,0.0491095470839818,False,False
cmp_b0190.jpg,588,1024,239,121,98,13,7,588,1024,239,121,98,13,7,1.0769230769230769,0.3916086961854801,588,1024,239,121,98,13,7,0.2260630519974264,588,1024,239,121,98,13,7,0.2260630519974264,0.2005300525759072,False,False
cmp_b0191.jpg,1024,824,127,70,63,17,4,1024,824,127,70,63,17,4,0.9264705882352942,0.7253119917787404,1024,824,127,70,63,17,4,0.4457020115248134,1024,824,127,70,63,17,4,0.4457020115248134,0.0354548575763618,False,False
cmp_b0192.jpg,1024,620,113,63,53,22,1,1024,620,113,63,53,22,1,2.409090909090909,0.0,1024,620,113,63,53,22,1,0.2397345520036312,1024,620,113,63,53,22,1,0.2397345520036312,0.0326125400750077,False,False
cmp_b0193.jpg,908,1024,168,75,62,15,5,908,1024,168,75,62,15,5,0.8266666666666667,0.6477577082937882,908,1024,168,75,62,15,5,0.2759545519945325,908,1024,168,75,62,15,5,0.2759545519945325,0.1054131086163377,False,False
cmp_b0194.jpg,847,1024,102,44,42,13,4,847,1024,102,44,42,13,4,0.8076923076923077,0.9790209904640752,847,1024,102,44,42,13,4,3.0405380666215627,847,1024,102,44,42,13,4,1.0,1.0,False,True
cmp_b0195.jpg,1024,654,115,64,55,21,2,1024,654,115,64,55,21,2,1.3095238095238095,0.0329007402071426,1024,654,115,64,55,21,2,0.258898785072323,1024,654,115,64,55,21,2,0.258898785072323,0.0432737725924979,False,False
cmp_b0196.jpg,468,1024,153,125,84,9,9,468,1024,153,125,84,9,9,1.037037037037037,0.0,468,1024,153,125,84,9,9,0.6401530490782941,468,1024,153,125,84,9,9,0.6401530490782941,0.0895170760228171,False,False
cmp_b0197.jpg,589,1024,170,104,87,13,5,589,1024,170,104,87,13,5,1.3384615384615384,0.7630770432167223,589,1024,170,104,87,13,5,0.1617003866610578,589,1024,170,104,87,13,5,0.1617003866610578,0.0,False,False
cmp_b0198.jpg,679,1024,218,117,101,12,8,679,1024,218,117,101,12,8,1.0520833333333333,0.1276519293615963,679,1024,218,117,101,12,8,0.3498575683466998,679,1024,218,117,101,12,8,0.3498575683466998,0.1195202512546499,False,False
cmp_b0199.jpg,1024,688,103,57,55,18,2,1024,688,103,57,55,18,2,1.5277777777777777,0.209091196051297,1024,688,103,57,55,18,2,0.2217022704987292,1024,688,103,57,55,18,2,0.2217022704987292,0.0563521489733144,False,False
cmp_b0200.jpg,562,1024,121,51,42,10,3,562,1024,121,51,42,10,3,1.4,0.5563637934985541,562,1024,121,51,42,10,3,0.3414222138207441,562,1024,121,51,42,10,3,0.3414222138207441,0.2442562897707351,False,False
cmp_b0201.jpg,1024,957,154,85,74,20,3,1024,957,154,85,74,20,3,1.2333333333333334,0.3078789795407927,1024,957,154,85,74,20,3,0.6194906310036223,1024,957,154,85,74,20,3,0.6194906310036223,0.0768311448084026,False,False
cmp_b0202.jpg,698,1024,175,108,81,12,6,698,1024,175,108,81,12,6,1.125,0.5196971882459915,698,1024,175,108,81,12,6,0.2358347890486671,698,1024,175,108,81,12,6,0.2358347890486671,0.0356751043264099,False,False
cmp_b0203.jpg,628,1024,152,83,70,11,6,628,1024,152,83,70,11,6,1.0606060606060606,0.4600553222471604,628,1024,152,83,70,11,6,0.4292184386974736,628,1024,152,83,70,11,6,0.4292184386974736,0.0764303562458035,False,False
cmp_b0204.jpg,1024,910,159,38,37,10,3,1024,910,159,38,37,10,3,1.2333333333333334,0.5745456017630224,1024,910,159,38,37,10,3,0.0821051657518417,1024,910,159,38,37,10,3,0.0821051657518417,0.009777455626045,False,False
cmp_b0205.jpg,686,1024,128,52,51,10,3,686,1024,128,52,51,10,3,1.7,0.5236365386225114,686,1024,128,52,51,10,3,0.1291701325593331,686,1024,128,52,51,10,3,0.1291701325593331,0.0155765996990884,False,False
cmp_b0206.jpg,555,1024,124,58,53,9,4,555,1024,124,58,53,9,4,1.4722222222222223,0.6818182543617771,555,1024,124,58,53,9,4,0.1302257069926167,555,1024,124,58,53,9,4,0.1302257069926167,0.0,False,False
cmp_b0207.jpg,1024,649,114,36,34,12,1,1024,649,114,36,34,12,1,2.833333333333333,0.1333337535351422,1024,649,114,36,34,12,1,0.2037854800451482,1024,649,114,36,34,12,1,0.2037854800451482,0.0199664001963134,False,False
cmp_b0208.jpg,770,1024,101,46,42,13,3,770,1024,101,46,42,13,3,1.0769230769230769,0.7916084961855802,770,1024,101,46,42,13,3,0.2562776062559156,770,1024,101,46,42,13,3,0.2562776062559156,0.0970424003985047,False,False
cmp_b0209.jpg,558,1024,166,92,87,11,7,558,1024,166,92,87,11,7,1.12987012987013,0.2524993460852535,558,1024,166,92,87,11,7,0.2982198017905009,558,1024,166,92,87,11,7,0.2982198017905009,0.1046163692806144,False,False
cmp_b0210.jpg,594,1024,140,89,77,12,6,594,1024,140,89,77,12,6,1.0694444444444444,0.5257577910008142,594,1024,140,89,77,12,6,0.283835962015359,594,1024,140,89,77,12,6,0.283835962015359,0.0015938483287753,False,False
cmp_b0211.jpg,1024,768,73,36,28,7,3,1024,768,73,36,28,7,3,1.3333333333333333,0.3636365501376691,1024,768,73,36,28,7,3,0.1240081153151154,1024,768,73,36,28,7,3,0.1240081153151154,0.1844696558086197,False,False
cmp_b0212.jpg,1024,768,95,57,44,11,3,1024,768,95,57,44,11,3,1.3333333333333333,0.6303031723598987,1024,768,95,57,44,11,3,0.2051953800957785,1024,768,95,57,44,11,3,0.2051953800957785,0.0236780525919392,False,False
cmp_b0213.jpg,1024,768,104,59,48,12,3,1024,768,104,59,48,12,3,1.3333333333333333,0.6969698279154563,1024,768,104,59,48,12,3,0.1628517356442053,1024,768,104,59,48,12,3,0.1628517356442053,0.0,False,False
cmp_b0214.jpg,1024,768,130,69,57,16,2,1024,768,130,69,57,16,2,1.78125,0.314773007093533,1024,768,130,69,57,16,2,0.1646660915526708,1024,768,130,69,57,16,2,0.1646660915526708,0.1925890210560343,False,False
cmp_b0215.jpg,1024,768,171,78,64,13,3,1024,768,171,78,64,13,3,1.641025641025641,0.7300700682135339,1024,768,171,78,64,13,3,0.2494935963235714,1024,768,171,78,64,13,3,0.2494935963235714,0.0209758049881548,False,False
cmp_b0216.jpg,1024,768,136,68,62,13,5,1024,768,136,68,62,13,5,0.953846153846154,0.7949651377113282,1024,768,136,68,62,13,5,0.1504798943455569,1024,768,136,68,62,13,5,0.1504798943455569,0.029732017989675,False,False
cmp_b0217.jpg,1024,768,82,33,31,14,2,1024,768,82,33,31,14,2,1.1071428571428572,0.5216452391314702,1024,768,82,33,31,14,2,0.143100143442883,1024,768,82,33,31,14,2,0.143100143442883,0.0,False,False
cmp_b0218.jpg,1024,768,156,79,62,16,3,1024,768,156,79,62,16,3,1.2916666666666667,0.5681819688704585,1024,768,156,79,62,16,3,0.2758135021574058,1024,768,156,79,62,16,3,0.2758135021574058,0.2145964108654263,False,False
cmp_b0219.jpg,1024,768,168,87,73,15,4,1024,768,168,87,73,15,4,1.2166666666666666,0.8430303381450766,1024,768,168,87,73,15,4,0.2386965715507615,1024,768,168,87,73,15,4,0.2386965715507615,0.0,False,False
cmp_b0220.jpg,1024,768,100,53,48,11,4,1024,768,100,53,48,11,4,1.0909090909090908,0.856749338926448,1024,768,100,53,48,11,4,0.2001042914523289,1024,768,100,53,48,11,4,0.2001042914523289,0.0070606215264364,False,False
cmp_b0221.jpg,1024,768,165,90,76,21,3,1024,768,165,90,76,21,3,1.2063492063492065,0.244156045323292,1024,768,165,90,76,21,3,0.2319549536659063,1024,768,165,90,76,21,3,0.2319549536659063,0.0290602178252849,False,False
cmp_b0222.jpg,1024,768,129,75,67,18,3,1024,768,129,75,67,18,3,1.2407407407407407,0.4404042102845978,1024,768,129,75,67,18,3,0.2470137577555975,1024,768,129,75,67,18,3,0.2470137577555975,0.0058544293550413,False,False
cmp_b0223.jpg,1024,768,186,89,71,18,3,1024,768,186,89,71,18,3,1.3148148148148149,0.4323234066115008,1024,768,186,89,71,18,3,0.2285066776155206,1024,768,186,89,71,18,3,0.2285066776155206,0.0273634013697876,False,False
cmp_b0224.jpg,1024,768,134,77,72,18,4,1024,768,134,77,72,18,4,1.0,0.666666722222213,1024,768,134,77,72,18,4,0.1761446522040459,1024,768,134,77,72,18,4,0.1761446522040459,0.0,False,False
cmp_b0225.jpg,1024,768,95,52,44,12,3,1024,768,95,52,44,12,3,1.2222222222222223,0.7090910334251017,1024,768,95,52,44,12,3,1.1646110237591334,1024,768,95,52,44,12,3,1.0,0.1778278793423625,False,True
cmp_b0226.jpg,1024,768,122,62,56,13,3,1024,768,122,62,56,13,3,1.435897435897436,0.752447678385187,1024,768,122,62,56,13,3,0.1861107561977551,1024,768,122,62,56,13,3,0.1861107561977551,0.0432603544908045,False,False
cmp_b0227.jpg,1024,768,91,32,31,13,2,1024,768,91,32,31,13,2,1.1923076923076923,0.5790211904639753,1024,768,91,32,31,13,2,0.1142914669340389,1024,768,91,32,31,13,2,0.1142914669340389,0.1772684181188638,False,False
cmp_b0228.jpg,1024,768,98,63,50,12,4,1024,768,98,63,50,12,4,1.0416666666666667,0.9287878923783256,1024,768,98,63,50,12,4,0.1939743010097436,1024,768,98,63,50,12,4,0.1939743010097436,0.0129216833909014,False,False
cmp_b0229.jpg,1024,768,125,67,57,16,2,1024,768,125,67,57,16,2,1.78125,0.314773007093533,1024,768,125,67,57,16,2,0.2017552002750558,1024,768,125,67,57,16,2,0.2017552002750558,0.1073888982517446,False,False
cmp_b0230.jpg,1024,768,138,87,71,14,5,1024,768,138,87,71,14,5,1.0142857142857142,0.7317750037360097,1024,768,138,87,71,14,5,0.2885947785821656,1024,768,138,87,71,14,5,0.2885947785821656,0.0319893781555201,False,False
cmp_b0231.jpg,1024,768,110,57,42,11,3,1024,768,110,57,42,11,3,1.2727272727272727,0.6369147390015235,1024,768,110,57,42,11,3,0.1483667473211199,1024,768,110,57,42,11,3,0.1483667473211199,0.0067155876571533,False,False
cmp_b0232.jpg,1024,768,149,76,73,12,5,1024,768,149,76,73,12,5,1.2166666666666666,0.709697093700584,1024,768,149,76,73,12,5,0.1770194347661641,1024,768,149,76,73,12,5,0.1770194347661641,0.0557942817626262,False,False
cmp_b0233.jpg,1024,768,94,45,40,11,3,1024,768,94,45,40,11,3,1.2121212121212122,0.6435263056431484,1024,768,94,45,40,11,3,0.1812999072484781,1024,768,94,45,40,11,3,0.1812999072484781,0.0385795434856203,False,False
cmp_b0234.jpg,1024,768,119,71,52,13,4,1024,768,119,71,52,13,4,1.0,1.0,1024,768,119,71,52,13,4,0.2547188713602961,1024,768,119,71,52,13,4,0.2547188713602961,0.0183743666679438,False,False
cmp_b0235.jpg,1024,768,121,88,76,13,5,1024,768,121,88,76,13,5,1.1692307692307693,0.7815385716083362,1024,768,121,88,76,13,5,0.2355484724560981,1024,768,121,88,76,13,5,0.2355484724560981,0.0057932775037283,False,False
cmp_b0236.jpg,593,1024,168,99,87,14,5,593,1024,168,99,87,14,5,1.2428571428571429,0.7068399524018818,593,1024,168,99,87,14,5,0.4111526079645793,593,1024,168,99,87,14,5,0.4111526079645793,0.3294429349548491,False,False
cmp_b0237.jpg,660,1024,142,72,61,8,5,660,1024,142,72,61,8,5,1.525,0.4093941261890881,660,1024,142,72,61,8,5,0.2488768460828429,660,1024,142,72,61,8,5,0.2488768460828429,0.1619334170310403,False,False
cmp_b0238.jpg,627,1024,136,55,51,11,4,627,1024,136,55,51,11,4,1.1590909090909092,0.8493113264546202,627,1024,136,55,51,11,4,0.2371428159303013,627,1024,136,55,51,11,4,0.2371428159303013,0.2586464775962532,False,False
cmp_b0239.jpg,496,1024,146,76,63,13,3,496,1024,146,76,63,13,3,1.6153846153846154,0.7328672694849905,496,1024,146,76,63,13,3,0.2587453233040186,496,1024,146,76,63,13,3,0.2587453233040186,0.2272083136513935,False,False
cmp_b0240.jpg,595,1024,169,101,79,15,4,595,1024,169,101,79,15,4,1.3166666666666669,0.8321212531863956,595,1024,169,101,79,15,4,1.2457531395885846,595,1024,169,101,79,15,4,1.0,0.1559416416081969,False,True
cmp_b0241.jpg,614,1024,180,88,77,12,4,614,1024,180,88,77,12,4,1.6041666666666667,0.8674242894857453,614,1024,180,88,77,12,4,0.2704604485290062,614,1024,180,88,77,12,4,0.2704604485290062,0.1433844706424484,False,False
cmp_b0242.jpg,762,1024,206,122,103,15,6,762,1024,206,122,103,15,6,1.1444444444444444,0.4509093217262461,762,1024,206,122,103,15,6,0.5117425643830328,762,1024,206,122,103,15,6,0.5117425643830328,0.1461254066368278,False,False
cmp_b0243.jpg,637,1024,170,78,71,16,4,637,1024,170,78,71,16,4,1.109375,0.7880682216597706,637,1024,170,78,71,16,4,0.4342144671337642,637,1024,170,78,71,16,4,0.4342144671337642,0.0805088246471675,False,False
cmp_b0244.jpg,586,1024,182,93,81,11,5,586,1024,182,93,81,11,5,1.4727272727272729,0.6150965690841617,586,1024,182,93,81,11,5,0.4779342972806399,586,1024,182,93,81,11,5,0.4779342972806399,0.1636957167758503,False,False
cmp_b0245.jpg,608,1024,142,83,68,11,6,608,1024,142,83,68,11,6,1.0303030303030305,0.4633611055679728,608,1024,142,83,68,11,6,0.4259285401441359,608,1024,142,83,68,11,6,0.4259285401441359,0.3486079369506086,False,False
cmp_b0246.jpg,975,1024,191,113,103,18,5,975,1024,191,113,103,18,5,1.1444444444444444,0.4509092550596239,975,1024,191,113,103,18,5,0.2893188833832988,975,1024,191,113,103,18,5,0.2893188833832988,0.0264252306562929,False,False
cmp_b0247.jpg,676,1024,158,101,88,15,5,676,1024,158,101,88,15,5,1.1733333333333331,0.6477577082937882,676,1024,158,101,88,15,5,0.6185618904285302,676,1024,158,101,88,15,5,0.6185618904285302,0.2464731436992462,False,False
cmp_b0248.jpg,648,1024,143,100,76,15,6,648,1024,143,100,76,15,6,0.8444444444444444,0.4496972011752815,648,1024,143,100,76,15,6,0.8605329911588441,648,1024,143,100,76,15,6,0.8605329911588441,0.0868179017615226,False,False
cmp_b0249.jpg,1024,842,167,76,65,17,4,1024,842,167,76,65,17,4,0.9558823529411764,0.7285205461783524,1024,842,167,76,65,17,4,0.1881031706811624,1024,842,167,76,65,17,4,0.1881031706811624,0.0514889247469561,False,False
cmp_b0250.jpg,1024,882,141,75,72,16,3,1024,882,141,75,72,16,3,1.5,0.5454547085398732,1024,882,141,75,72,16,3,0.3332895602565734,1024,882,141,75,72,16,3,0.3332895602565734,0.0677027451745402,False,False
cmp_b0251.jpg,1024,810,122,66,57,17,3,1024,810,122,66,57,17,3,1.1176470588235294,0.5204992601792722,1024,810,122,66,57,17,3,0.601650295513194,1024,810,122,66,57,17,3,0.601650295513194,0.1042866682276625,False,False
cmp_b0252.jpg,1024,888,149,79,66,20,3,1024,888,149,79,66,20,3,1.1,0.3224244261523672,1024,888,149,79,66,20,3,0.4867833898083718,1024,888,149,79,66,20,3,0.4867833898083718,0.1107304875144488,False,False
cmp_b0253.jpg,938,1024,157,87,70,17,2,938,1024,157,87,70,17,2,2.0588235294117645,0.217825619391637,938,1024,157,87,70,17,2,0.3449149843341731,938,1024,157,87,70,17,2,0.3449149843341731,0.2191250354692794,False,False
cmp_b0254.jpg,992,1024,163,94,89,16,4,992,1024,163,94,89,16,4,1.390625,0.7573864202134805,992,1024,163,94,89,16,4,0.379682612091612,992,1024,163,94,89,16,4,0.379682612091612,0.1611303989057917,False,False
cmp_b0255.jpg,1024,743,197,147,113,21,5,1024,743,197,147,113,21,5,1.076190476190476,0.2583551717774481,1024,743,197,147,113,21,5,0.2621536252476385,1024,743,197,147,113,21,5,0.2621536252476385,0.0738936250494202,False,False
cmp_b0256.jpg,1024,902,178,99,91,18,3,1024,902,178,99,91,18,3,1.6851851851851851,0.3919193882460159,1024,902,178,99,91,18,3,0.2052824880831444,1024,902,178,99,91,18,3,0.2052824880831444,0.154373103190354,False,False
cmp_b0257.jpg,1024,834,206,107,98,18,4,1024,834,206,107,98,18,4,1.3611111111111112,0.6272728043158652,1024,834,206,107,98,18,4,0.2727751615588179,1024,834,206,107,98,18,4,0.2727751615588179,0.1109670079006084,False,False
cmp_b0258.jpg,1024,996,164,64,55,12,3,1024,996,164,64,55,12,3,1.5277777777777777,0.6757577182735767,1024,996,164,64,55,12,3,0.2351920309959093,1024,996,164,64,55,12,3,0.2351920309959093,0.0616484776239927,False,False
cmp_b0259.jpg,762,1024,153,89,81,12,5,762,1024,153,89,81,12,5,1.35,0.6951516470890095,762,1024,153,89,81,12,5,0.2213051683331421,762,1024,153,89,81,12,5,0.2213051683331421,0.0403366990720743,False,False
cmp_b0260.jpg,1024,753,166,117,99,20,5,1024,753,166,117,99,20,5,0.99,0.3322426026151801,1024,753,166,117,99,20,5,0.4138003203163383,1024,753,166,117,99,20,5,0.4138003203163383,0.0523629014134396,False,False
cmp_b0261.jpg,943,1024,227,130,113,20,5,943,1024,227,130,113,20,5,1.13,0.319151700664763,943,1024,227,130,113,20,5,0.2806687535470422,943,1024,227,130,113,20,5,0.2806687535470422,0.0942736690212363,False,False
cmp_b0262.jpg,1007,1024,203,80,75,15,3,1007,1024,203,80,75,15,3,1.6666666666666667,0.5939395558309623,1007,1024,203,80,75,15,3,0.1996640641579203,1007,1024,203,80,75,15,3,0.1996640641579203,0.0322097513443285,False,False
cmp_b0263.jpg,1024,858,178,95,84,16,5,1024,858,178,95,84,16,5,1.05,0.5945455908539374,1024,858,178,95,84,16,5,0.2437616166409617,1024,858,178,95,84,16,5,0.2437616166409617,0.1282650868311402,False,False
cmp_b0264.jpg,1024,948,165,92,78,19,4,1024,948,165,92,78,19,4,1.0263157894736843,0.5971292548354238,1024,948,165,92,78,19,4,0.2797090920535341,1024,948,165,92,78,19,4,0.2797090920535341,0.1653759857242202,False,False
cmp_b0265.jpg,1024,967,160,99,82,16,4,1024,967,160,99,82,16,4,1.28125,0.7693182318870377,1024,967,160,99,82,16,4,0.2600393311520436,1024,967,160,99,82,16,4,0.2600393311520436,0.0224096774467579,False,False
cmp_b0266.jpg,1024,653,187,82,78,19,3,1024,653,187,82,78,19,3,1.368421052631579,0.3598088010293601,1024,653,187,82,78,19,3,0.1781139392766287,1024,653,187,82,78,19,3,0.1781139392766287,0.019126311475268,False,False
cmp_b0267.jpg,1024,878,305,121,107,20,4,1024,878,305,121,107,20,4,1.3375,0.49651524937555,1024,878,305,121,107,20,4,0.2224168881590849,1024,878,305,121,107,20,4,0.2224168881590849,0.0865865210486724,False,False
cmp_b0268.jpg,925,1024,163,76,70,16,3,925,1024,163,76,70,16,3,1.4583333333333333,0.5500001606059902,925,1024,163,76,70,16,3,0.2784932685999876,925,1024,163,76,70,16,3,0.2784932685999876,0.0088332696632908,False,False
cmp_b0269.jpg,1024,774,150,88,74,18,4,1024,774,150,88,74,18,4,1.0277777777777777,0.6636364208448017,1024,774,150,88,74,18,4,0.2907982112424813,1024,774,150,88,74,18,4,0.2907982112424813,0.115302018515708,False,False
cmp_b0270.jpg,1024,827,109,40,35,11,2,1024,827,109,40,35,11,2,1.5909090909090908,0.4022041141329433,1024,827,109,40,35,11,2,0.1916267327288798,1024,827,109,40,35,11,2,0.1916267327288798,0.0457543604285653,False,False
cmp_b0271.jpg,735,1024,199,109,99,18,5,735,1024,199,109,99,18,5,1.1,0.4557577372634821,735,1024,199,109,99,18,5,0.2540673415920044,735,1024,199,109,99,18,5,0.2540673415920044,0.1054231440961636,False,False
cmp_b0272.jpg,623,1024,165,88,78,13,4,623,1024,165,88,78,13,4,1.5,0.9454545752065954,623,1024,165,88,78,13,4,0.2368516563283621,623,1024,165,88,78,13,4,0.2368516563283621,0.3076131729748266,False,False
cmp_b0273.jpg,1024,852,214,122,101,21,5,1024,852,214,122,101,21,5,0.961904761904762,0.2625110136664694,1024,852,214,122,101,21,5,0.2476297327931491,1024,852,214,122,101,21,5,0.2476297327931491,0.0991716474499254,False,False
cmp_b0274.jpg,1024,680,211,119,102,20,5,1024,680,211,119,102,20,5,1.02,0.331151694119312,1024,680,211,119,102,20,5,0.4320166572753038,1024,680,211,119,102,20,5,0.4320166572753038,0.0662465329534519,False,False
cmp_b0275.jpg,1024,899,217,143,121,20,5,1024,899,217,143,121,20,5,1.21,0.3104244326978183,1024,899,217,143,121,20,5,0.3171314355847333,1024,899,217,143,121,20,5,0.3171314355847333,0.1164096784636318,False,False
cmp_b0276.jpg,1024,963,189,111,95,19,4,1024,963,189,111,95,19,4,1.25,0.5727273542699534,1024,963,189,111,95,19,4,0.2453222403490558,1024,963,189,111,95,19,4,0.2453222403490558,0.1399387728958121,False,False
cmp_b0277.jpg,1024,777,175,95,74,17,4,1024,777,175,95,74,17,4,1.088235294117647,0.7237077145789343,1024,777,175,95,74,17,4,0.2639194044985928,1024,777,175,95,74,17,4,0.2639194044985928,0.1199030611044446,False,False
cmp_b0278.jpg,1024,829,211,88,74,16,3,1024,829,211,88,74,16,3,1.5416666666666667,0.5409092564737561,1024,829,211,88,74,16,3,0.1645927035424503,1024,829,211,88,74,16,3,0.1645927035424503,0.2595376848667604,False,False
cmp_b0279.jpg,717,1024,147,80,73,15,4,717,1024,147,80,73,15,4,1.2166666666666666,0.8430303381450766,717,1024,147,80,73,15,4,0.2745976720910661,717,1024,147,80,73,15,4,0.2745976720910661,0.2313825916402725,False,False
cmp_b0280.jpg,508,1024,186,73,71,11,8,508,1024,186,73,71,11,8,0.8068181818181818,0.0455927202185061,508,1024,186,73,71,11,8,0.3867795246291932,508,1024,186,73,71,11,8,0.3867795246291932,0.1157064336871432,False,False
cmp_b0281.jpg,445,606,104,73,53,9,5,445,606,104,73,53,9,5,1.1777777777777778,0.5139395489622876,445,606,104,73,53,9,5,1.1331059124052187,445,606,104,73,53,9,5,1.0,0.3267525406175157,False,True
cmp_b0282.jpg,502,721,155,86,65,7,9,502,721,155,86,65,7,9,1.031746031746032,0.0,502,721,155,86,65,7,9,0.3387841446799549,502,721,155,86,65,7,9,0.3387841446799549,0.0523626544147995,False,False
cmp_b0283.jpg,584,550,127,89,68,12,5,584,550,127,89,68,12,5,1.1333333333333333,0.7187879978328181,584,550,127,89,68,12,5,0.2746651904205784,584,550,127,89,68,12,5,0.2746651904205784,0.1018300341115626,False,False
cmp_b0284.jpg,638,510,159,107,80,13,6,638,510,159,107,80,13,6,1.0256410256410255,0.5972029987284434,638,510,159,107,80,13,6,0.2830668513156238,638,510,159,107,80,13,6,0.2830668513156238,0.1348592573237187,False,False
cmp_b0285.jpg,767,1024,161,124,109,15,7,767,1024,161,124,109,15,7,1.0380952380952382,0.2625111469997139,767,1024,161,124,109,15,7,0.420257192574781,767,1024,161,124,109,15,7,0.420257192574781,0.2832422537389387,False,False
cmp_b0286.jpg,650,1024,179,128,110,13,9,650,1024,179,128,110,13,9,0.9401709401709402,0.0,650,1024,179,128,110,13,9,0.5490661482184486,650,1024,179,128,110,13,9,0.5490661482184486,0.0506167917967798,False,False
cmp_b0287.jpg,474,507,141,76,49,9,5,474,507,141,76,49,9,5,1.0888888888888888,0.523636513370004,474,507,141,76,49,9,5,0.3305364456992882,474,507,141,76,49,9,5,0.3305364456992882,0.0501702468721755,False,False
cmp_b0288.jpg,490,740,125,63,40,9,4,490,740,125,63,40,9,4,1.1111111111111112,0.721212172268125,490,740,125,63,40,9,4,0.3000666863106961,490,740,125,63,40,9,4,0.3000666863106961,0.050292604741315,False,False
cmp_b0289.jpg,476,500,96,54,41,11,3,476,500,96,54,41,11,3,1.2424242424242424,0.640220522322336,476,500,96,54,41,11,3,0.417621776504298,476,500,96,54,41,11,3,0.417621776504298,0.0213086592785071,False,False
cmp_b0290.jpg,241,338,98,43,30,6,3,241,338,98,43,30,6,3,1.6666666666666667,0.2606062780531752,241,338,98,43,30,6,3,0.3266473478644324,241,338,98,43,30,6,3,0.3266473478644324,0.0146963639824861,False,False
cmp_b0291.jpg,385,625,139,85,55,8,7,385,625,139,85,55,8,7,0.9821428571428572,0.0647189713365842,385,625,139,85,55,8,7,0.3584043158866416,385,625,139,85,55,8,7,0.3584043158866416,0.0751299495701561,False,False
cmp_b0292.jpg,539,547,89,52,36,12,2,539,547,89,52,36,12,2,1.5,0.478788119650938,539,547,89,52,36,12,2,0.4135434431634718,539,547,89,52,36,12,2,0.4135434431634718,0.0015503734576064,False,False
cmp_b0293.jpg,556,584,76,35,31,9,3,556,584,76,35,31,9,3,1.148148148148148,0.5171718704315265,556,584,76,35,31,9,3,0.1824735339171849,556,584,76,35,31,9,3,0.1824735339171849,0.0362514764821149,False,False
cmp_b0294.jpg,321,487,107,62,46,6,6,321,487,107,62,46,6,6,1.2777777777777777,0.1030305973368845,321,487,107,62,46,6,6,0.465519271858544,321,487,107,62,46,6,6,0.465519271858544,0.089386467259362,False,False
cmp_b0295.jpg,453,612,161,93,67,11,6,453,612,161,93,67,11,6,1.0151515151515151,0.465013997228379,453,612,161,93,67,11,6,1.5249824397096698,453,612,161,93,67,11,6,1.0,1.0,False,True
cmp_b0296.jpg,421,590,134,57,45,7,6,421,590,134,57,45,7,6,1.0714285714285714,0.1922080631246406,421,590,134,57,45,7,6,0.2570805484510638,421,590,134,57,45,7,6,0.2570805484510638,0.0994955685461059,False,False
cmp_b0297.jpg,494,576,119,62,43,9,4,494,576,119,62,43,9,4,1.1944444444444444,0.7121212681358908,494,576,119,62,43,9,4,0.2339159626042028,494,576,119,62,43,9,4,0.2339159626042028,0.1044570270536522,False,False
cmp_b0298.jpg,462,566,137,47,32,7,5,462,566,137,47,32,7,5,0.9142857142857144,0.3906495224163077,462,566,137,47,32,7,5,0.2672922769489293,462,566,137,47,32,7,5,0.2672922769489293,0.1379604559623216,False,False
cmp_b0299.jpg,391,585,135,50,41,7,4,391,585,135,50,41,7,4,1.4642857142857142,0.5493507436442084,391,585,135,50,41,7,4,0.2227705390339042,391,585,135,50,41,7,4,0.2227705390339042,0.2151140931833299,False,False
cmp_b0300.jpg,441,595,96,36,32,10,2,441,595,96,36,32,10,2,1.6,0.3345457235811422,441,595,96,36,32,10,2,0.1984229421318061,441,595,96,36,32,10,2,0.1984229421318061,0.0427559446309874,False,False
cmp_b0301.jpg,329,647,148,90,60,7,10,329,647,148,90,60,7,10,0.8571428571428571,0.0,329,647,148,90,60,7,10,0.6550104674950449,329,647,148,90,60,7,10,0.6550104674950449,0.6706102762386894,False,False
cmp_b0302.jpg,359,659,126,61,43,8,4,359,659,126,61,43,8,4,1.34375,0.6291667426767473,359,659,126,61,43,8,4,0.2063592273396857,359,659,126,61,43,8,4,0.2063592273396857,0.1203376040308588,False,False
cmp_b0303.jpg,371,800,143,85,60,9,7,371,800,143,85,60,9,7,0.9523809523809524,0.1281388754163437,371,800,143,85,60,9,7,0.3508115612161715,371,800,143,85,60,9,7,0.3508115612161715,0.3719714657338364,False,False
cmp_b0304.jpg,332,530,94,56,39,8,5,332,530,94,56,39,8,5,0.975,0.4639395509824928,332,530,94,56,39,8,5,0.258465923593976,332,530,94,56,39,8,5,0.258465923593976,0.2615766419205279,False,False
cmp_b0305.jpg,614,619,147,90,73,13,4,614,619,147,90,73,13,4,1.4038461538461535,0.955944079974558,614,619,147,90,73,13,4,0.423286166050276,614,619,147,90,73,13,4,0.423286166050276,0.1483457558046007,False,False
cmp_b0306.jpg,594,581,81,50,38,13,3,594,581,81,50,38,13,3,0.9743589743589745,0.7972028987284934,594,581,81,50,38,13,3,0.3483408166128806,594,581,81,50,38,13,3,0.3483408166128806,0.1498506413635565,False,False
cmp_b0307.jpg,416,445,104,52,38,9,4,416,445,104,52,38,9,4,1.0555555555555556,0.7272727750229477,416,445,104,52,38,9,4,0.4096778030343078,416,445,104,52,38,9,4,0.4096778030343078,0.0466718230437168,False,False
cmp_b0308.jpg,356,587,129,66,46,7,5,356,587,129,66,46,7,5,1.3142857142857145,0.3657144710821798,356,587,129,66,46,7,5,0.2454666076957098,356,587,129,66,46,7,5,0.2454666076957098,0.121651528424547,False,False
cmp_b0309.jpg,714,704,91,55,44,13,3,714,704,91,55,44,13,3,1.1282051282051282,0.7860140936426668,714,704,91,55,44,13,3,0.4432131747483989,714,704,91,55,44,13,3,0.4432131747483989,0.0193119727877857,False,False
cmp_b0310.jpg,506,524,74,33,31,9,3,506,524,74,33,31,9,3,1.148148148148148,0.5171718704315265,506,524,74,33,31,9,3,0.2305311660826124,506,524,74,33,31,9,3,0.2305311660826124,0.0162785878940143,False,False
cmp_b0311.jpg,720,849,144,91,71,15,5,720,849,144,91,71,15,5,0.9466666666666668,0.6608486102442054,720,849,144,91,71,15,5,0.3709702632681433,720,849,144,91,71,15,5,0.3709702632681433,0.2355386719597017,False,False
cmp_b0312.jpg,383,646,124,43,36,6,4,383,646,124,43,36,6,4,1.5,0.4787879863176935,383,646,124,43,36,6,4,0.1380229391330223,383,646,124,43,36,6,4,0.1380229391330223,0.0503334607981022,False,False
cmp_b0313.jpg,362,573,135,68,47,7,6,362,573,135,68,47,7,6,1.119047619047619,0.187013260763364,362,573,135,68,47,7,6,0.425532341232734,362,573,135,68,47,7,6,0.425532341232734,0.0,True,False
cmp_b0314.jpg,415,630,138,86,59,9,6,415,630,138,86,59,9,6,1.0925925925925926,0.3232325731862991,415,630,138,86,59,9,6,0.3764378228954207,415,630,138,86,59,9,6,0.3764378228954207,0.0498294720121264,False,False
cmp_b0315.jpg,594,634,87,49,43,12,3,594,634,87,49,43,12,3,1.1944444444444444,0.712121334802513,594,634,87,49,43,12,3,0.3557286255320575,594,634,87,49,43,12,3,0.3557286255320575,0.0182342496631449,False,False
cmp_b0316.jpg,606,476,78,34,29,10,2,606,476,78,34,29,10,2,1.45,0.3509093510191636,606,476,78,34,29,10,2,0.4296740294194791,606,476,78,34,29,10,2,0.4296740294194791,0.0,True,False
cmp_b0317.jpg,403,953,110,55,43,8,4,403,953,110,55,43,8,4,1.34375,0.6291667426767473,403,953,110,55,43,8,4,0.2636480265112718,403,953,110,55,43,8,4,0.2636480265112718,0.1434037894501205,False,False
cmp_b0318.jpg,592,491,85,42,38,12,3,592,491,85,42,38,12,3,1.0555555555555556,0.72727284168957,592,491,85,42,38,12,3,0.2032065579130516,592,491,85,42,38,12,3,0.2032065579130516,0.0038559008148465,False,False
cmp_b0319.jpg,610,452,69,39,34,9,3,610,452,69,39,34,9,3,1.2592592592592593,0.5050506649218809,610,452,69,39,34,9,3,0.1986153481828186,610,452,69,39,34,9,3,0.1986153481828186,0.1241952125946019,False,False
cmp_b0320.jpg,371,349,48,29,22,7,3,371,349,48,29,22,7,3,1.0476190476190477,0.394805364305329,371,349,48,29,22,7,3,0.1891209608843537,371,349,48,29,22,7,3,0.1891209608843537,0.0,False,False
cmp_b0321.jpg,482,492,56,29,22,8,2,482,492,56,29,22,8,2,1.375,0.2257578536270595,482,492,56,29,22,8,2,0.2563530527989333,482,492,56,29,22,8,2,0.2563530527989333,0.137511178725985,False,False
cmp_b0322.jpg,595,540,100,36,34,11,2,595,540,100,36,34,11,2,1.5454545454545454,0.4071627891141619,595,540,100,36,34,11,2,0.2449248773936712,595,540,100,36,34,11,2,0.2449248773936712,0.0261849532669094,False,False
cmp_b0323.jpg,437,599,134,75,53,9,6,437,599,134,75,53,9,6,0.9814814814814816,0.3313133768593962,437,599,134,75,53,9,6,0.3677023352527191,437,599,134,75,53,9,6,0.3677023352527191,0.0952431093528282,False,False
cmp_b0324.jpg,406,585,126,64,44,9,5,406,585,126,64,44,9,5,0.9777777777777776,0.5309092366757913,406,585,126,64,44,9,5,0.4020038681878274,406,585,126,64,44,9,5,0.4020038681878274,0.1998662486425464,False,False
cmp_b0325.jpg,444,552,143,101,71,9,6,444,552,143,101,71,9,6,1.3148148148148149,0.2989901621670082,444,552,143,101,71,9,6,0.2959966522527549,444,552,143,101,71,9,6,0.2959966522527549,0.082417915599651,False,False
cmp_b0326.jpg,713,1024,95,63,47,10,5,713,1024,95,63,47,10,5,0.94,0.5934546823580693,713,1024,95,63,47,10,5,0.4634174554432361,713,1024,95,63,47,10,5,0.4634174554432361,0.1557893252281394,False,False
cmp_b0327.jpg,647,596,128,85,65,14,4,647,596,128,85,65,14,4,1.1607142857142858,0.915800886475134,647,596,128,85,65,14,4,0.5256550841276378,647,596,128,85,65,14,4,0.5256550841276378,0.0805567689924943,False,False
cmp_b0328.jpg,456,638,121,53,43,10,4,456,638,121,53,43,10,4,1.075,0.7918182196143172,456,638,121,53,43,10,4,0.4426326302915048,456,638,121,53,43,10,4,0.4426326302915048,0.0332645525212586,False,False
cmp_b0329.jpg,419,411,49,19,18,8,2,419,411,49,19,18,8,2,1.125,0.2530305660237618,419,411,49,19,18,8,2,0.1741251822143671,419,411,49,19,18,8,2,0.1741251822143671,0.1420956730151289,False,False
cmp_b0330.jpg,554,700,92,65,48,9,5,554,700,92,65,48,9,5,1.0666666666666669,0.5260607544719331,554,700,92,65,48,9,5,0.3740618698978542,554,700,92,65,48,9,5,0.3740618698978542,0.0790125254879114,False,False
cmp_b0331.jpg,658,559,61,35,24,9,3,658,559,61,35,24,9,3,0.8888888888888888,0.5212122722680749,658,559,61,35,24,9,3,0.2653768465114015,658,559,61,35,24,9,3,0.2653768465114015,0.0920093542355255,False,False
cmp_b0332.jpg,700,591,60,32,24,9,2,700,591,60,32,24,9,2,1.3333333333333333,0.296969961248734,700,591,60,32,24,9,2,0.233541801095283,700,591,60,32,24,9,2,0.233541801095283,0.0315515976777626,False,False
cmp_b0333.jpg,529,738,134,65,55,12,4,529,738,134,65,55,12,4,1.1458333333333333,0.917424262213033,529,738,134,65,55,12,4,0.2734310697244976,529,738,134,65,55,12,4,0.2734310697244976,0.0837054522004696,False,False
cmp_b0334.jpg,459,609,139,70,53,11,4,459,609,139,70,53,11,4,1.2045454545454546,0.8443526514734015,459,609,139,70,53,11,4,0.317727320272579,459,609,139,70,53,11,4,0.317727320272579,0.0552337664860245,False,False
cmp_b0335.jpg,373,590,122,61,52,7,7,373,590,122,61,52,7,7,1.0612244897959184,0.0,373,590,122,61,52,7,7,0.299442669436985,373,590,122,61,52,7,7,0.299442669436985,0.2285489836666557,False,False
cmp_b0336.jpg,458,631,103,41,32,8,3,458,631,103,41,32,8,3,1.3333333333333333,0.4303032056932266,458,631,103,41,32,8,3,0.1482887261555467,458,631,103,41,32,8,3,0.1482887261555467,0.0466174867626586,False,False
cmp_b0337.jpg,487,634,149,62,45,8,5,487,634,149,62,45,8,5,1.125,0.4530304660238119,487,634,149,62,45,8,5,0.3421941839865186,487,634,149,62,45,8,5,0.3421941839865186,0.2320516104384369,False,False
cmp_b0338.jpg,667,858,151,75,55,11,5,667,858,151,75,55,11,5,1.0,0.6666667888888351,667,858,151,75,55,11,5,0.2985543022965715,667,858,151,75,55,11,5,0.2985543022965715,0.0716732251899868,False,False
cmp_b0339.jpg,578,1011,130,73,56,11,5,578,1011,130,73,56,11,5,1.018181818181818,0.6646833188963477,578,1011,130,73,56,11,5,0.5416201960503948,578,1011,130,73,56,11,5,0.5416201960503948,0.5475398047625715,False,False
cmp_b0340.jpg,416,685,119,63,43,8,4,416,685,119,63,43,8,4,1.34375,0.6291667426767473,416,685,119,63,43,8,4,0.2994987468671679,416,685,119,63,43,8,4,0.2994987468671679,0.1025664651118149,False,False
cmp_b0341.jpg,438,626,120,60,42,9,5,438,626,120,60,42,9,5,0.9333333333333332,0.5260607544719331,438,626,120,60,42,9,5,0.2928718714043222,438,626,120,60,42,9,5,0.2928718714043222,0.0883273728590852,False,False
cmp_b0342.jpg,323,497,84,51,39,6,5,323,497,84,51,39,6,5,1.3,0.3006062562350053,323,497,84,51,39,6,5,0.456733850129199,323,497,84,51,39,6,5,0.456733850129199,0.0081520893618345,True,False
cmp_b0343.jpg,457,705,101,50,39,9,3,457,705,101,50,39,9,3,1.4444444444444444,0.4848486557391385,457,705,101,50,39,9,3,0.2762845175098809,457,705,101,50,39,9,3,0.2762845175098809,0.042555056041924,False,False
cmp_b0344.jpg,356,592,105,51,41,9,6,356,592,105,51,41,9,6,0.7592592592592593,0.3070709658401052,356,592,105,51,41,9,6,0.2054956418968828,356,592,105,51,41,9,6,0.2054956418968828,0.0680504077094143,False,False
cmp_b0345.jpg,506,657,113,60,47,11,3,506,657,113,60,47,11,3,1.4242424242424243,0.6203858223974615,506,657,113,60,47,11,3,0.4398849832417553,506,657,113,60,47,11,3,0.4398849832417553,0.067304151956856,False,False
cmp_b0346.jpg,448,583,117,68,53,9,5,448,583,117,68,53,9,5,1.1777777777777778,0.5139395489622876,448,583,117,68,53,9,5,0.4664795980388184,448,583,117,68,53,9,5,0.4664795980388184,0.0890986228185334,False,False
cmp_b0347.jpg,468,666,161,103,77,10,6,468,666,161,103,77,10,6,1.2833333333333334,0.3690911592836319,468,666,161,103,77,10,6,0.4013551183512995,468,666,161,103,77,10,6,0.4013551183512995,0.0630560772197653,False,False
cmp_b0348.jpg,396,992,85,42,33,7,3,396,992,85,42,33,7,3,1.5714285714285714,0.337662538331286,396,992,85,42,33,7,3,0.4248031408240201,396,992,85,42,33,7,3,0.4248031408240201,0.309958065417948,False,False
cmp_b0349.jpg,473,568,88,56,42,9,3,473,568,88,56,42,9,3,1.5555555555555556,0.472727450229493,473,568,88,56,42,9,3,0.3680058468218654,473,568,88,56,42,9,3,0.3680058468218654,0.2333477098248943,False,False
cmp_b0350.jpg,207,1024,98,53,36,4,6,207,1024,98,53,36,4,6,1.5,0.0,207,1024,98,53,36,4,6,0.3209139993437341,207,1024,98,53,36,4,6,0.3209139993437341,0.1657875536737354,False,False
cmp_b0351.jpg,731,1024,113,70,62,15,4,731,1024,113,70,62,15,4,1.0333333333333334,0.8630303272359916,731,1024,113,70,62,15,4,0.2190845393176573,731,1024,113,70,62,15,4,0.2190845393176573,0.0628789017485846,False,False
cmp_b0352.jpg,786,1024,94,47,41,13,2,786,1024,94,47,41,13,2,1.5769230769230769,0.5370631713921254,786,1024,94,47,41,13,2,0.3157803241020679,786,1024,94,47,41,13,2,0.3157803241020679,0.0353363464749873,False,False
cmp_b0353.jpg,688,1024,132,66,55,10,4,688,1024,132,66,55,10,4,1.375,0.7590909647382744,688,1024,132,66,55,10,4,0.5778419371814558,688,1024,132,66,55,10,4,0.5778419371814558,0.081817624421578,False,False
cmp_b0354.jpg,531,885,73,42,33,6,5,531,885,73,42,33,6,5,1.1,0.3224244261523672,531,885,73,42,33,6,5,0.2900833420743975,531,885,73,42,33,6,5,0.2900833420743975,0.1247100155613048,False,False
cmp_b0355.jpg,386,810,158,67,52,10,4,386,810,158,67,52,10,4,1.3,0.767272778457285,386,810,158,67,52,10,4,0.2688747202893664,386,810,158,67,52,10,4,0.2688747202893664,0.048768325521093,False,False
cmp_b0356.jpg,766,672,104,50,46,13,3,766,672,104,50,46,13,3,1.1794871794871795,0.7804196910997535,766,672,104,50,46,13,3,0.4871442303407622,766,672,104,50,46,13,3,0.4871442303407622,0.1128849632861551,False,False
cmp_b0357.jpg,724,718,98,49,42,11,3,724,718,98,49,42,11,3,1.2727272727272727,0.6369147390015235,724,718,98,49,42,11,3,0.2540179709686211,724,718,98,49,42,11,3,0.2540179709686211,0.1614044829926576,False,False
cmp_b0358.jpg,454,487,68,39,28,7,5,454,487,68,39,28,7,5,0.8,0.3781819967492438,454,487,68,39,28,7,5,0.2545266534419448,454,487,68,39,28,7,5,0.2545266534419448,0.0202375296912114,False,False
cmp_b0359.jpg,710,884,143,84,69,14,3,710,884,143,84,69,14,3,1.6428571428571428,0.6632036125671581,710,884,143,84,69,14,3,0.2901296111665005,710,884,143,84,69,14,3,0.2901296111665005,0.2361997131634159,False,False
cmp_b0360.jpg,452,542,140,71,50,9,5,452,542,140,71,50,9,5,1.1111111111111112,0.5212122722680749,452,542,140,71,50,9,5,0.37442972792564,452,542,140,71,50,9,5,0.37442972792564,0.1285608759666939,False,False
cmp_b0361.jpg,433,601,196,109,77,10,6,433,601,196,109,77,10,6,1.2833333333333334,0.3690911592836319,433,601,196,109,77,10,6,0.5309800299606907,433,601,196,109,77,10,6,0.5309800299606907,0.2197922022158317,False,False
cmp_b0362.jpg,447,490,117,87,66,10,5,447,490,117,87,66,10,5,1.32,0.5650910614654989,447,490,117,87,66,10,5,0.5212791991979349,447,490,117,87,66,10,5,0.5212791991979349,0.548640842005302,False,False
cmp_b0363.jpg,622,468,153,88,68,14,4,622,468,153,88,68,14,4,1.2142857142857142,0.9099567338186978,622,468,153,88,68,14,4,0.3408781964143733,622,468,153,88,68,14,4,0.3408781964143733,0.0891541086944419,False,False
cmp_b0364.jpg,482,614,183,86,68,11,5,482,614,183,86,68,11,5,1.2363636363636363,0.6408816789864984,482,614,183,86,68,11,5,0.1789432646883456,482,614,183,86,68,11,5,0.1789432646883456,0.0056249184655406,False,False
cmp_b0365.jpg,365,529,158,81,59,8,6,365,529,158,81,59,8,6,1.2291666666666667,0.2416669358584692,365,529,158,81,59,8,6,0.3092247454972592,365,529,158,81,59,8,6,0.3092247454972592,0.0757437946543385,False,False
cmp_b0366.jpg,363,631,172,89,64,9,6,363,631,172,89,64,9,6,1.1851851851851851,0.3131315685949279,363,631,172,89,64,9,6,0.801958616332333,363,631,172,89,64,9,6,0.801958616332333,0.2461292467466675,False,False
cmp_b0367.jpg,447,759,261,110,92,12,7,447,759,261,110,92,12,7,1.0952380952380951,0.3229440397217393,447,759,261,110,92,12,7,0.2693458634631269,447,759,261,110,92,12,7,0.2693458634631269,0.1193774330380671,False,False
cmp_b0368.jpg,476,544,194,84,63,10,6,476,544,194,84,63,10,6,1.05,0.3945456908538873,476,544,194,84,63,10,6,0.2528563419970333,476,544,194,84,63,10,6,0.2528563419970333,0.029316592356213,False,False
cmp_b0369.jpg,446,455,159,71,52,9,4,446,455,159,71,52,9,4,1.4444444444444444,0.6848485557391886,446,455,159,71,52,9,4,0.32262496565162,446,455,159,71,52,9,4,0.32262496565162,0.0786681348382091,False,False
cmp_b0370.jpg,532,359,122,65,52,11,3,532,359,122,65,52,11,3,1.5757575757575757,0.6038569057933996,532,359,122,65,52,11,3,0.2104053236539625,532,359,122,65,52,11,3,0.2104053236539625,0.0458173451378021,False,False
cmp_b0371.jpg,438,643,174,94,70,8,7,438,643,174,94,70,8,7,1.25,0.0393943098253606,438,643,174,94,70,8,7,1.278340951260352,438,643,174,94,70,8,7,1.0,0.4366133345419933,False,True
cmp_b0372.jpg,447,433,181,82,56,11,4,447,433,181,82,56,11,4,1.2727272727272727,0.8369146390015736,447,433,181,82,56,11,4,0.3324241980761811,447,433,181,82,56,11,4,0.3324241980761811,0.0757530211026273,False,False
cmp_b0373.jpg,445,643,173,131,91,9,9,445,643,173,131,91,9,9,1.123456790123457,0.0,445,643,173,131,91,9,9,2.63752240589524,445,643,173,131,91,9,9,1.0,0.8340583469689109,False,True
cmp_b0374.jpg,371,612,139,86,66,8,6,371,612,139,86,66,8,6,1.375,0.2257578536270595,371,612,139,86,66,8,6,0.4334542568869742,371,612,139,86,66,8,6,0.4334542568869742,0.1797727304969569,False,False
cmp_b0375.jpg,415,470,153,78,50,8,6,415,470,153,78,50,8,6,1.0416666666666667,0.2621214701559959,415,470,153,78,50,8,6,0.469859872232067,415,470,153,78,50,8,6,0.469859872232067,0.2065815713016005,False,False
cmp_b0376.jpg,606,554,128,69,55,11,4,606,554,128,69,55,11,4,1.25,0.839393976492183,606,554,128,69,55,11,4,0.388856188472122,606,554,128,69,55,11,4,0.388856188472122,0.2341322164482018,False,False
cmp_b0377.jpg,393,593,161,90,69,9,7,393,593,161,90,69,9,7,1.0952380952380951,0.1229440730550671,393,593,161,90,69,9,7,0.2533640617511967,393,593,161,90,69,9,7,0.2533640617511967,0.0454898701522985,False,False
cmp_b0378.jpg,408,538,90,29,23,5,3,408,538,90,29,23,5,3,1.5333333333333334,0.2084850691091924,408,538,90,29,23,5,3,0.1130963550515526,408,538,90,29,23,5,3,0.1130963550515526,0.004015004238342,False,False
